cpu_used, memory_used, timestamp
44.257902090174085,499971.9018341966,2023-12-04T22:00:00.000000Z
57.99513192552523,499804.7056261876,2023-12-04T22:05:00.000000Z
57.05253654729023,499968.7160836367,2023-12-04T22:10:00.000000Z
46.925356755492814,500108.5953648461,2023-12-04T22:15:00.000000Z
52.59649009195749,500080.9306367182,2023-12-04T22:20:00.000000Z
43.65175719893172,499981.3634762418,2023-12-04T22:25:00.000000Z
55.07694333115482,499825.2013043771,2023-12-04T22:30:00.000000Z
45.50460763442706,500002.9421152602,2023-12-04T22:35:00.000000Z
56.72917853148715,500121.6245463674,2023-12-04T22:40:00.000000Z
53.51859981837698,500105.6145470852,2023-12-04T22:45:00.000000Z
55.97153402171115,500067.62021044095,2023-12-04T22:50:00.000000Z
51.01326315228384,499778.95041016274,2023-12-04T22:55:00.000000Z
53.247963606072574,500167.3945402016,2023-12-04T23:00:00.000000Z
54.02314305994234,499996.1307038487,2023-12-04T23:05:00.000000Z
55.86995306350934,500139.1020858802,2023-12-04T23:10:00.000000Z
47.58851301293158,500064.9271013352,2023-12-04T23:15:00.000000Z
46.816424968622,500071.50990703807,2023-12-04T23:20:00.000000Z
41.85860162302453,499955.0159731863,2023-12-04T23:25:00.000000Z
49.52188083717486,500154.5630122308,2023-12-04T23:30:00.000000Z
48.794795494294256,500124.2011635242,2023-12-04T23:35:00.000000Z
53.0901756700524,499990.80022210354,2023-12-04T23:40:00.000000Z
47.699923351387405,499861.2854461299,2023-12-04T23:45:00.000000Z
48.47381038953698,500046.219305507,2023-12-04T23:50:00.000000Z
93.20316689084105,500091.2978327737,2023-12-04T23:55:00.000000Z
52.9872314719784,500172.9902479217,2023-12-05T00:00:00.000000Z
50.63617494433775,500062.1166703697,2023-12-05T00:05:00.000000Z
53.57343254026491,499970.6061055568,2023-12-05T00:10:00.000000Z
54.23720449779059,499925.6993354189,2023-12-05T00:15:00.000000Z
50.84903003442132,500128.2873460141,2023-12-05T00:20:00.000000Z
48.34539769511213,499972.59800833015,2023-12-05T00:25:00.000000Z
49.9974640533531,499991.0848536967,2023-12-05T00:30:00.000000Z
52.712646376718965,499913.2882777135,2023-12-05T00:35:00.000000Z
55.27808806063111,499906.01603811607,2023-12-05T00:40:00.000000Z
39.64879160955384,500012.06955297256,2023-12-05T00:45:00.000000Z
49.318309104089366,500051.3586410534,2023-12-05T00:50:00.000000Z
62.602805663216046,500065.20325010654,2023-12-05T00:55:00.000000Z
48.35758643583016,499914.2586710785,2023-12-05T01:00:00.000000Z
46.56007814603275,499937.8802209687,2023-12-05T01:05:00.000000Z
47.293343808008,500019.5512399112,2023-12-05T01:10:00.000000Z
53.9800334515274,499957.41574216686,2023-12-05T01:15:00.000000Z
41.64879197520021,499769.9408750413,2023-12-05T01:20:00.000000Z
51.720931599333404,499785.13073558034,2023-12-05T01:25:00.000000Z
50.47131891121975,499878.6012785889,2023-12-05T01:30:00.000000Z
42.57280230396912,499828.94514222856,2023-12-05T01:35:00.000000Z
51.72855391411655,500009.39992553095,2023-12-05T01:40:00.000000Z
48.52834404222946,499870.9101689049,2023-12-05T01:45:00.000000Z
59.81851008179309,499963.102267125,2023-12-05T01:50:00.000000Z
42.08620499998114,500198.3009296113,2023-12-05T01:55:00.000000Z
56.15437555408125,500068.1428325805,2023-12-05T02:00:00.000000Z
52.14813173074722,499983.5360272973,2023-12-05T02:05:00.000000Z
42.05922813631538,500221.0865564357,2023-12-05T02:10:00.000000Z
57.12025043611686,500004.7226372663,2023-12-05T02:15:00.000000Z
38.71170881326528,500127.61773517856,2023-12-05T02:20:00.000000Z
47.25126017733525,500013.5952891135,2023-12-05T02:25:00.000000Z
49.95741832514525,499849.9105900312,2023-12-05T02:30:00.000000Z
48.66680125073841,500012.8503548277,2023-12-05T02:35:00.000000Z
48.3839639558019,499980.21194616606,2023-12-05T02:40:00.000000Z
43.41804041422428,499935.8878805011,2023-12-05T02:45:00.000000Z
87.60517249300568,500179.52315648535,2023-12-05T02:50:00.000000Z
53.19029175394723,499766.7244229286,2023-12-05T02:55:00.000000Z
49.85090647152714,499982.83972962666,2023-12-05T03:00:00.000000Z
48.597618965773535,499889.3272737799,2023-12-05T03:05:00.000000Z
45.43359177182101,500124.8242080569,2023-12-05T03:10:00.000000Z
51.27132010261865,499941.4485044442,2023-12-05T03:15:00.000000Z
53.9633780193605,499825.3255089106,2023-12-05T03:20:00.000000Z
51.17689385096648,499980.9074829709,2023-12-05T03:25:00.000000Z
52.461689270976166,499807.29585365526,2023-12-05T03:30:00.000000Z
61.48762893796744,499673.0931872968,2023-12-05T03:35:00.000000Z
51.63571023400213,500019.6391461241,2023-12-05T03:40:00.000000Z
41.18786832012099,500075.39259376057,2023-12-05T03:45:00.000000Z
50.53226265250666,500216.7833620335,2023-12-05T03:50:00.000000Z
46.09731795197556,500062.305211252,2023-12-05T03:55:00.000000Z
45.10684603345084,500012.7276648671,2023-12-05T04:00:00.000000Z
50.9251677486711,499918.0777737312,2023-12-05T04:05:00.000000Z
62.49532890359592,499770.8450647145,2023-12-05T04:10:00.000000Z
60.43195621318655,500087.66027786245,2023-12-05T04:15:00.000000Z
51.70888698100963,500158.4067617169,2023-12-05T04:20:00.000000Z
49.46351353957456,500022.1282674054,2023-12-05T04:25:00.000000Z
50.678865596935566,500013.9371325185,2023-12-05T04:30:00.000000Z
47.83521096367164,500003.74094961176,2023-12-05T04:35:00.000000Z
54.3697106028528,499969.3105915777,2023-12-05T04:40:00.000000Z
57.67968938739446,500090.26769883273,2023-12-05T04:45:00.000000Z
46.59902084615746,500099.7528493456,2023-12-05T04:50:00.000000Z
51.378175726802375,500094.466671369,2023-12-05T04:55:00.000000Z
47.775494804963614,499960.9195580369,2023-12-05T05:00:00.000000Z
49.2321699231112,499972.3991965511,2023-12-05T05:05:00.000000Z
53.47589115591001,499995.2814235983,2023-12-05T05:10:00.000000Z
56.28856944055791,499989.3337282775,2023-12-05T05:15:00.000000Z
51.26705243556171,499949.5146209886,2023-12-05T05:20:00.000000Z
44.96544769506981,499930.6624049683,2023-12-05T05:25:00.000000Z
49.31026636071071,500079.1860669731,2023-12-05T05:30:00.000000Z
51.9876928530769,499875.5061474279,2023-12-05T05:35:00.000000Z
48.52166346939345,500019.8553542816,2023-12-05T05:40:00.000000Z
54.36031091159663,499995.3507730981,2023-12-05T05:45:00.000000Z
51.5327752485594,499901.8352585808,2023-12-05T05:50:00.000000Z
49.349600337368486,499978.8697608556,2023-12-05T05:55:00.000000Z
45.872181365301536,499844.5282982089,2023-12-05T06:00:00.000000Z
60.53243320330672,500075.98918454594,2023-12-05T06:05:00.000000Z
44.66777422302127,500083.4708690004,2023-12-05T06:10:00.000000Z
49.034925869490266,500031.1811239728,2023-12-05T06:15:00.000000Z
50.65751699527242,499857.0774607944,2023-12-05T06:20:00.000000Z
49.85607533928345,499769.3926406849,2023-12-05T06:25:00.000000Z
53.64296813249663,499950.26976359234,2023-12-05T06:30:00.000000Z
49.7752778882889,499991.5666249394,2023-12-05T06:35:00.000000Z
48.323474449702445,499937.3148168536,2023-12-05T06:40:00.000000Z
53.213066537493525,499821.8211182589,2023-12-05T06:45:00.000000Z
48.14449566313129,499837.93718114274,2023-12-05T06:50:00.000000Z
45.30039937562812,500001.3329287583,2023-12-05T06:55:00.000000Z
48.75672454946312,500060.6647021858,2023-12-05T07:00:00.000000Z
51.09993885648199,499909.64779077296,2023-12-05T07:05:00.000000Z
54.45109371391437,500097.5327888994,2023-12-05T07:10:00.000000Z
52.596577272253,499933.2933818781,2023-12-05T07:15:00.000000Z
40.195396000071646,499909.5278042929,2023-12-05T07:20:00.000000Z
55.27731493001344,499887.91103786015,2023-12-05T07:25:00.000000Z
56.25224056661348,500007.0373325952,2023-12-05T07:30:00.000000Z
55.96532405653983,500049.6248915238,2023-12-05T07:35:00.000000Z
53.995866180673936,500085.88625144033,2023-12-05T07:40:00.000000Z
42.760045822313856,499890.52614957024,2023-12-05T07:45:00.000000Z
54.85596784215882,500001.26968982257,2023-12-05T07:50:00.000000Z
50.83393756333346,499781.40008552367,2023-12-05T07:55:00.000000Z
48.71104665144209,500043.13098204776,2023-12-05T08:00:00.000000Z
56.28817082682161,500001.1457223917,2023-12-05T08:05:00.000000Z
44.48404184340344,499961.8994939868,2023-12-05T08:10:00.000000Z
48.83004301392236,500151.3383799413,2023-12-05T08:15:00.000000Z
40.08715031462235,499962.30141876754,2023-12-05T08:20:00.000000Z
49.21365124011855,499916.43650163687,2023-12-05T08:25:00.000000Z
54.07865627543343,500066.7243650638,2023-12-05T08:30:00.000000Z
55.34033962715584,499969.2497551406,2023-12-05T08:35:00.000000Z
45.2702847476162,500092.28562203865,2023-12-05T08:40:00.000000Z
35.74097845986894,499872.3885458716,2023-12-05T08:45:00.000000Z
50.79717670883007,499867.4012122274,2023-12-05T08:50:00.000000Z
51.112596587186985,499918.1690314677,2023-12-05T08:55:00.000000Z
57.16811300226617,500062.4827129601,2023-12-05T09:00:00.000000Z
46.98129899025314,499860.2821258821,2023-12-05T09:05:00.000000Z
46.951881358386,499873.3216572828,2023-12-05T09:10:00.000000Z
54.66591342551593,500052.2183233486,2023-12-05T09:15:00.000000Z
43.08852214087773,500092.27813015226,2023-12-05T09:20:00.000000Z
47.847891549073445,500134.23986213614,2023-12-05T09:25:00.000000Z
49.4407419493344,499902.37275181967,2023-12-05T09:30:00.000000Z
51.11719094400631,500051.72689603263,2023-12-05T09:35:00.000000Z
57.81554558766212,500177.5193921116,2023-12-05T09:40:00.000000Z
49.249790681736144,499886.6302457064,2023-12-05T09:45:00.000000Z
50.61475223016323,499941.2798785033,2023-12-05T09:50:00.000000Z
62.08377261294871,500153.17953320063,2023-12-05T09:55:00.000000Z
56.00196605268713,499982.3715512111,2023-12-05T10:00:00.000000Z
50.23100529105836,500122.3789479208,2023-12-05T10:05:00.000000Z
49.13385707552221,500069.7919713036,2023-12-05T10:10:00.000000Z
48.45450610695245,499980.6583360172,2023-12-05T10:15:00.000000Z
49.67544461898804,499939.49605001055,2023-12-05T10:20:00.000000Z
50.7555253315619,500002.24917553103,2023-12-05T10:25:00.000000Z
52.5868034439582,500108.1791770859,2023-12-05T10:30:00.000000Z
53.76532900005567,499923.7444973915,2023-12-05T10:35:00.000000Z
57.87632722169326,499790.8474083166,2023-12-05T10:40:00.000000Z
45.67441978058903,499919.0921846223,2023-12-05T10:45:00.000000Z
42.23125469616519,499850.00863643846,2023-12-05T10:50:00.000000Z
48.55036674653549,500038.7720154137,2023-12-05T10:55:00.000000Z
52.463322317301184,499906.8618774038,2023-12-05T11:00:00.000000Z
51.54675191206711,499786.12240610935,2023-12-05T11:05:00.000000Z
53.61980010102891,499990.9012168463,2023-12-05T11:10:00.000000Z
56.3771929614978,499890.3522627886,2023-12-05T11:15:00.000000Z
52.01428981238462,500203.4682016698,2023-12-05T11:20:00.000000Z
43.58793474454353,499972.96498025645,2023-12-05T11:25:00.000000Z
48.53647985747591,499917.705277102,2023-12-05T11:30:00.000000Z
49.06347616824478,500047.0106742125,2023-12-05T11:35:00.000000Z
44.182250447285405,500147.3548357271,2023-12-05T11:40:00.000000Z
50.9854680621313,500106.1750040778,2023-12-05T11:45:00.000000Z
55.47461667605922,500103.91277927055,2023-12-05T11:50:00.000000Z
54.04022993831163,500037.3174931319,2023-12-05T11:55:00.000000Z
52.55467604574906,499901.8475660829,2023-12-05T12:00:00.000000Z
48.42821367908012,499958.0168296711,2023-12-05T12:05:00.000000Z
55.19974862588288,499930.54072561656,2023-12-05T12:10:00.000000Z
54.16216849294532,500000.0900395653,2023-12-05T12:15:00.000000Z
44.95834894993961,500007.7346839091,2023-12-05T12:20:00.000000Z
50.1895695488876,499939.6830825162,2023-12-05T12:25:00.000000Z
49.56839631420725,500027.5796509703,2023-12-05T12:30:00.000000Z
45.24205580830267,499853.9912128926,2023-12-05T12:35:00.000000Z
49.15597922572409,499879.4577600205,2023-12-05T12:40:00.000000Z
50.48899126100324,499993.86103808176,2023-12-05T12:45:00.000000Z
53.24443609905232,500032.3861427712,2023-12-05T12:50:00.000000Z
60.46231592576663,500016.7723233912,2023-12-05T12:55:00.000000Z
50.6680154219479,499757.013669328,2023-12-05T13:00:00.000000Z
48.70731051416505,499982.9645254955,2023-12-05T13:05:00.000000Z
43.67231259095381,500033.39349017816,2023-12-05T13:10:00.000000Z
56.55397868126093,499883.7566424363,2023-12-05T13:15:00.000000Z
52.48612502069201,499876.05880072527,2023-12-05T13:20:00.000000Z
53.67219693773418,500087.6915129981,2023-12-05T13:25:00.000000Z
47.25532968880088,499805.3666506104,2023-12-05T13:30:00.000000Z
49.61062980717856,499943.4447135275,2023-12-05T13:35:00.000000Z
52.91862596625092,500131.25064359535,2023-12-05T13:40:00.000000Z
50.88170842525447,499964.2864434832,2023-12-05T13:45:00.000000Z
46.1657866566065,500191.2202253076,2023-12-05T13:50:00.000000Z
62.88606466390522,499853.0205377178,2023-12-05T13:55:00.000000Z
43.35399132037372,499984.1885790509,2023-12-05T14:00:00.000000Z
52.73301433372223,499870.6535004882,2023-12-05T14:05:00.000000Z
43.92777820049175,500023.38354989706,2023-12-05T14:10:00.000000Z
57.614521091702585,500063.12614501937,2023-12-05T14:15:00.000000Z
59.36813941556899,500085.3134802627,2023-12-05T14:20:00.000000Z
49.24645924923108,500083.185806195,2023-12-05T14:25:00.000000Z
46.46868303891115,499977.5427657073,2023-12-05T14:30:00.000000Z
42.764049226884886,499970.0634897864,2023-12-05T14:35:00.000000Z
48.68731028683143,500079.0138697966,2023-12-05T14:40:00.000000Z
47.40970533600095,501024.039838713,2023-12-05T14:45:00.000000Z
59.01390957537119,500114.0135422833,2023-12-05T14:50:00.000000Z
51.641863994979786,500017.5750676273,2023-12-05T14:55:00.000000Z
51.05742089576332,499993.9231371605,2023-12-05T15:00:00.000000Z
46.48675527925296,499981.3203232931,2023-12-05T15:05:00.000000Z
54.48099070942,500026.6173836461,2023-12-05T15:10:00.000000Z
47.761251470954655,499875.8539708601,2023-12-05T15:15:00.000000Z
47.41867154607242,499969.7277905814,2023-12-05T15:20:00.000000Z
53.56317668592917,500276.9332732554,2023-12-05T15:25:00.000000Z
41.04393563606299,499949.5767255784,2023-12-05T15:30:00.000000Z
50.93389388686648,500147.00367247575,2023-12-05T15:35:00.000000Z
49.90180935187808,500174.8394327792,2023-12-05T15:40:00.000000Z
53.48133564146258,499928.5336233458,2023-12-05T15:45:00.000000Z
52.39303959017881,500828.805031694,2023-12-05T15:50:00.000000Z
48.80342184145199,500050.7515165329,2023-12-05T15:55:00.000000Z
50.924727892895405,499997.5224362118,2023-12-05T16:00:00.000000Z
52.59253903176928,500074.80158309167,2023-12-05T16:05:00.000000Z
53.75914468172404,500113.4947170324,2023-12-05T16:10:00.000000Z
47.24568050758256,499955.60260608216,2023-12-05T16:15:00.000000Z
43.89015594664822,500137.69536707137,2023-12-05T16:20:00.000000Z
48.43841599305127,499979.05477174063,2023-12-05T16:25:00.000000Z
55.54758634621263,499929.9376851604,2023-12-05T16:30:00.000000Z
48.76135572071153,499989.8566294309,2023-12-05T16:35:00.000000Z
50.12941702457162,499941.957468937,2023-12-05T16:40:00.000000Z
55.536004869381976,499983.2147901769,2023-12-05T16:45:00.000000Z
53.63934126196823,499942.0030152986,2023-12-05T16:50:00.000000Z
58.816294983254295,500113.57528464566,2023-12-05T16:55:00.000000Z
53.28855180711962,499899.5378693812,2023-12-05T17:00:00.000000Z
53.40930216341322,500022.80142950296,2023-12-05T17:05:00.000000Z
48.99919304492258,500047.4101757668,2023-12-05T17:10:00.000000Z
46.785650477060166,500061.4839215193,2023-12-05T17:15:00.000000Z
52.2353922861158,500021.4375428072,2023-12-05T17:20:00.000000Z
62.83588902575632,499882.8346732681,2023-12-05T17:25:00.000000Z
51.3125492722199,499867.9758831366,2023-12-05T17:30:00.000000Z
41.09815939690678,500023.4892581192,2023-12-05T17:35:00.000000Z
52.53436790641783,500025.25636218354,2023-12-05T17:40:00.000000Z
58.72441963605941,499987.5156609032,2023-12-05T17:45:00.000000Z
53.73177280587112,499835.0141828089,2023-12-05T17:50:00.000000Z
55.24152597209926,499802.12883557385,2023-12-05T17:55:00.000000Z
50.01677866861165,499975.7056511961,2023-12-05T18:00:00.000000Z
43.331241536260194,499921.7193781297,2023-12-05T18:05:00.000000Z
48.9954995990743,499993.79973883525,2023-12-05T18:10:00.000000Z
53.66154088534709,499860.5692062773,2023-12-05T18:15:00.000000Z
39.43991589837547,500203.93691236206,2023-12-05T18:20:00.000000Z
51.85100718426727,499947.6033791089,2023-12-05T18:25:00.000000Z
52.04360747570864,500028.7976602994,2023-12-05T18:30:00.000000Z
45.18451127054489,499997.7943419742,2023-12-05T18:35:00.000000Z
49.54140565509437,500104.96509957465,2023-12-05T18:40:00.000000Z
42.52821593816431,500066.5413340943,2023-12-05T18:45:00.000000Z
55.87500024310954,499975.7490707864,2023-12-05T18:50:00.000000Z
50.87128963428283,500121.7067180261,2023-12-05T18:55:00.000000Z
60.94194331076682,499875.05326168175,2023-12-05T19:00:00.000000Z
44.66305737063272,500102.2200755727,2023-12-05T19:05:00.000000Z
51.26041171028187,500033.1987707716,2023-12-05T19:10:00.000000Z
58.062397115699554,499972.1670753432,2023-12-05T19:15:00.000000Z
57.08423562989247,499971.8400326202,2023-12-05T19:20:00.000000Z
50.12600279703162,499876.10544765607,2023-12-05T19:25:00.000000Z
45.58047162982874,500107.2867939891,2023-12-05T19:30:00.000000Z
53.65556093836668,500172.8171508249,2023-12-05T19:35:00.000000Z
51.29120840309817,500214.036924415,2023-12-05T19:40:00.000000Z
56.79236908074317,499946.2953020452,2023-12-05T19:45:00.000000Z
55.577478738270905,500005.6275108407,2023-12-05T19:50:00.000000Z
41.39524029989743,499953.1242219343,2023-12-05T19:55:00.000000Z
96.94870221007028,499993.2962575296,2023-12-05T20:00:00.000000Z
47.53118894893693,500011.6250895395,2023-12-05T20:05:00.000000Z
56.399319172762034,501215.6806476951,2023-12-05T20:10:00.000000Z
52.28043068063369,500133.90773506847,2023-12-05T20:15:00.000000Z
57.00515572511964,500263.2722576001,2023-12-05T20:20:00.000000Z
53.99494097023816,499926.1085313591,2023-12-05T20:25:00.000000Z
41.45014084205846,499981.2891600308,2023-12-05T20:30:00.000000Z
47.47916164367114,499950.61465134734,2023-12-05T20:35:00.000000Z
43.76696043956319,499810.86309067154,2023-12-05T20:40:00.000000Z
45.99171125235528,500007.42781061865,2023-12-05T20:45:00.000000Z
48.41360352245432,500052.82840522274,2023-12-05T20:50:00.000000Z
50.816570242446815,500199.4152522488,2023-12-05T20:55:00.000000Z
57.5006514554189,499977.6852588949,2023-12-05T21:00:00.000000Z
50.57084249346633,500160.48571920313,2023-12-05T21:05:00.000000Z
52.30478859082878,499942.4158160876,2023-12-05T21:10:00.000000Z
56.983966547365526,500095.74823436985,2023-12-05T21:15:00.000000Z
51.45216422124052,499963.38970476616,2023-12-05T21:20:00.000000Z
49.07544944790615,500041.4545983689,2023-12-05T21:25:00.000000Z
41.84766532416483,499926.14807370014,2023-12-05T21:30:00.000000Z
52.21359634603545,500001.0346220007,2023-12-05T21:35:00.000000Z
47.01560778723859,499965.92152985744,2023-12-05T21:40:00.000000Z
53.360819542064384,500050.431424867,2023-12-05T21:45:00.000000Z
56.77287105241739,500035.7689088312,2023-12-05T21:50:00.000000Z
59.2874838569406,500021.1679201904,2023-12-05T21:55:00.000000Z
45.64691306818701,500065.3699306108,2023-12-05T22:00:00.000000Z
58.18317622369569,500032.94763867615,2023-12-05T22:05:00.000000Z
42.18622420391653,499992.11407643015,2023-12-05T22:10:00.000000Z
46.96053213804159,500054.2609268528,2023-12-05T22:15:00.000000Z
46.83166846767495,500017.8519523992,2023-12-05T22:20:00.000000Z
53.082926849288434,499948.33726164425,2023-12-05T22:25:00.000000Z
45.10542576892948,499817.73643264064,2023-12-05T22:30:00.000000Z
53.16081842518415,500042.98566060455,2023-12-05T22:35:00.000000Z
52.55810314689197,499938.5749054586,2023-12-05T22:40:00.000000Z
46.8520894104895,500010.7227863722,2023-12-05T22:45:00.000000Z
44.79418002284666,500103.97695409553,2023-12-05T22:50:00.000000Z
43.38721744921511,499947.4836689777,2023-12-05T22:55:00.000000Z
59.71455485680848,499864.1675365632,2023-12-05T23:00:00.000000Z
50.70534854358122,499893.2233382966,2023-12-05T23:05:00.000000Z
58.0170216104196,499787.8975386588,2023-12-05T23:10:00.000000Z
54.21596796819637,500059.5340155836,2023-12-05T23:15:00.000000Z
50.399115111304525,499942.5440097124,2023-12-05T23:20:00.000000Z
51.83583428524785,499893.9150964475,2023-12-05T23:25:00.000000Z
40.32517020668001,499913.0786937616,2023-12-05T23:30:00.000000Z
43.86242840204241,499856.1251276786,2023-12-05T23:35:00.000000Z
44.110991568250405,500095.10421590746,2023-12-05T23:40:00.000000Z
45.458152608855606,499870.0918089108,2023-12-05T23:45:00.000000Z
50.89186213662556,499987.4425995204,2023-12-05T23:50:00.000000Z
56.14381617934346,499874.9862697444,2023-12-05T23:55:00.000000Z
50.968542243401,500076.6354244191,2023-12-06T00:00:00.000000Z
56.96588713915848,499940.3978004819,2023-12-06T00:05:00.000000Z
58.02846666649174,499986.6127551112,2023-12-06T00:10:00.000000Z
53.0310299998591,499973.58775088994,2023-12-06T00:15:00.000000Z
45.26091859113921,500053.5910041942,2023-12-06T00:20:00.000000Z
41.94600340362162,500104.4148599168,2023-12-06T00:25:00.000000Z
52.819155072684175,500012.0562626471,2023-12-06T00:30:00.000000Z
51.28976510410279,500256.3472258745,2023-12-06T00:35:00.000000Z
50.90422454236927,499909.38036169217,2023-12-06T00:40:00.000000Z
51.39359916385221,499828.4930771777,2023-12-06T00:45:00.000000Z
44.78249623706616,499915.4155934931,2023-12-06T00:50:00.000000Z
45.689393197346696,500014.5275403244,2023-12-06T00:55:00.000000Z
40.98933802423628,500050.4183740267,2023-12-06T01:00:00.000000Z
56.86642338349725,499999.6535643078,2023-12-06T01:05:00.000000Z
48.941768569242754,500092.5973598184,2023-12-06T01:10:00.000000Z
45.247979374721794,499920.26892594725,2023-12-06T01:15:00.000000Z
44.89506553819636,500135.8513511663,2023-12-06T01:20:00.000000Z
53.23583231236335,499976.5298734025,2023-12-06T01:25:00.000000Z
89.38545396592514,500002.27646732336,2023-12-06T01:30:00.000000Z
52.09357540669343,500134.9520472826,2023-12-06T01:35:00.000000Z
47.149883764441086,499961.4423009158,2023-12-06T01:40:00.000000Z
48.52781089792055,500151.88760143786,2023-12-06T01:45:00.000000Z
56.72141025040619,499825.1489131625,2023-12-06T01:50:00.000000Z
40.12078808323359,500168.9959858983,2023-12-06T01:55:00.000000Z
54.98395086684226,500004.1452276465,2023-12-06T02:00:00.000000Z
45.59493275045549,499768.87742655707,2023-12-06T02:05:00.000000Z
49.19963951678825,500126.1414156608,2023-12-06T02:10:00.000000Z
50.71733783847397,499998.5583277236,2023-12-06T02:15:00.000000Z
50.782801391207386,500150.7035316907,2023-12-06T02:20:00.000000Z
45.27234126242247,499895.34034404,2023-12-06T02:25:00.000000Z
58.25693978176783,499903.9433741591,2023-12-06T02:30:00.000000Z
48.339856337448666,499988.2753346143,2023-12-06T02:35:00.000000Z
46.3810720915622,500035.7856665978,2023-12-06T02:40:00.000000Z
47.81203508154975,500082.30341505504,2023-12-06T02:45:00.000000Z
49.35002219520013,499862.3864468599,2023-12-06T02:50:00.000000Z
43.679437288124944,499954.36092319374,2023-12-06T02:55:00.000000Z
51.874134233348734,500053.19831477234,2023-12-06T03:00:00.000000Z
47.282059512463526,499993.944689278,2023-12-06T03:05:00.000000Z
49.20458021112079,499931.2130794658,2023-12-06T03:10:00.000000Z
41.75682003502034,499982.0731210396,2023-12-06T03:15:00.000000Z
52.45767880897522,499899.0427605959,2023-12-06T03:20:00.000000Z
50.09939780676355,500035.508858121,2023-12-06T03:25:00.000000Z
58.32455626016792,500743.90333867865,2023-12-06T03:30:00.000000Z
51.57144215859159,500070.4491636416,2023-12-06T03:35:00.000000Z
56.89821380362069,499993.6688422544,2023-12-06T03:40:00.000000Z
48.99104420913861,500115.9012267136,2023-12-06T03:45:00.000000Z
46.16141131463348,499929.8402509698,2023-12-06T03:50:00.000000Z
52.32555355592391,500053.5234536316,2023-12-06T03:55:00.000000Z
54.47422624381479,500002.7339295296,2023-12-06T04:00:00.000000Z
46.550591038834746,500093.023062458,2023-12-06T04:05:00.000000Z
56.65770898752538,500034.4857017489,2023-12-06T04:10:00.000000Z
50.769536078206265,499907.86209048814,2023-12-06T04:15:00.000000Z
51.91408542607292,500181.1818839323,2023-12-06T04:20:00.000000Z
55.08920935521939,499893.7978499671,2023-12-06T04:25:00.000000Z
55.01952450701545,500046.79459217534,2023-12-06T04:30:00.000000Z
56.82055373791004,500048.5197541348,2023-12-06T04:35:00.000000Z
46.446454432233246,499917.46808350034,2023-12-06T04:40:00.000000Z
55.761755454187,499983.6719568561,2023-12-06T04:45:00.000000Z
49.40205884056064,500066.0773315754,2023-12-06T04:50:00.000000Z
45.25740291512128,500134.1538664012,2023-12-06T04:55:00.000000Z
55.66170348405189,499994.5242759094,2023-12-06T05:00:00.000000Z
44.54640252322815,499881.89928107016,2023-12-06T05:05:00.000000Z
50.3496105729252,499896.7315920574,2023-12-06T05:10:00.000000Z
52.82318029385535,500211.52065990696,2023-12-06T05:15:00.000000Z
51.03338879043501,499956.7690570832,2023-12-06T05:20:00.000000Z
50.50341927537763,500164.1593341728,2023-12-06T05:25:00.000000Z
55.42889666689781,500130.2079946796,2023-12-06T05:30:00.000000Z
53.62956415925407,500137.62056022574,2023-12-06T05:35:00.000000Z
53.79907618060967,500085.4209252496,2023-12-06T05:40:00.000000Z
54.70534216826064,500024.4527570511,2023-12-06T05:45:00.000000Z
51.64562560999344,499994.48993201664,2023-12-06T05:50:00.000000Z
54.09709570532033,500073.6206422226,2023-12-06T05:55:00.000000Z
50.97249788862136,499994.3308771268,2023-12-06T06:00:00.000000Z
55.89560283656019,500163.2402121995,2023-12-06T06:05:00.000000Z
45.36515171413479,499910.8215615829,2023-12-06T06:10:00.000000Z
52.17436469545518,499755.1159253897,2023-12-06T06:15:00.000000Z
44.53246443980893,500137.35795991,2023-12-06T06:20:00.000000Z
43.70193194418492,499987.5387389526,2023-12-06T06:25:00.000000Z
58.912631315897286,500051.2728068754,2023-12-06T06:30:00.000000Z
50.09497360188009,500809.620326143,2023-12-06T06:35:00.000000Z
53.30618156400472,499801.46554789366,2023-12-06T06:40:00.000000Z
61.832456160489066,500137.7155264784,2023-12-06T06:45:00.000000Z
51.129415587756384,499964.9843910055,2023-12-06T06:50:00.000000Z
55.7065456508001,499893.34455695073,2023-12-06T06:55:00.000000Z
45.65843386448016,500019.9072401863,2023-12-06T07:00:00.000000Z
44.90645310807867,499918.36014525295,2023-12-06T07:05:00.000000Z
49.19104909119173,499937.37909310206,2023-12-06T07:10:00.000000Z
53.18514865468858,500040.5723025064,2023-12-06T07:15:00.000000Z
51.75185218816522,499950.0800697686,2023-12-06T07:20:00.000000Z
55.57456367015748,499990.6875824268,2023-12-06T07:25:00.000000Z
43.35768645664844,499963.4604865093,2023-12-06T07:30:00.000000Z
56.43648129242643,499934.2575183591,2023-12-06T07:35:00.000000Z
39.5098902393671,500148.9115018393,2023-12-06T07:40:00.000000Z
54.60002064259123,499804.549100281,2023-12-06T07:45:00.000000Z
43.4144390023486,499808.7288495553,2023-12-06T07:50:00.000000Z
44.66752112890535,499941.4748764314,2023-12-06T07:55:00.000000Z
50.92054476650354,499998.93837255466,2023-12-06T08:00:00.000000Z
50.50154935562224,499823.8255619161,2023-12-06T08:05:00.000000Z
52.09938557967457,500081.31512156577,2023-12-06T08:10:00.000000Z
56.60831079215593,500152.7632342505,2023-12-06T08:15:00.000000Z
44.05004584419499,500106.9771320225,2023-12-06T08:20:00.000000Z
48.61267423399019,499980.7084489748,2023-12-06T08:25:00.000000Z
54.04623669222031,499958.7903944507,2023-12-06T08:30:00.000000Z
49.96230316546222,500031.231055235,2023-12-06T08:35:00.000000Z
48.03068952550303,500069.2409408642,2023-12-06T08:40:00.000000Z
50.35297432708455,500095.6040674571,2023-12-06T08:45:00.000000Z
44.39869310519345,499962.0628095567,2023-12-06T08:50:00.000000Z
51.138930366366445,499944.5227148591,2023-12-06T08:55:00.000000Z
44.99298892443962,500023.5886412421,2023-12-06T09:00:00.000000Z
38.98755718096746,500044.5363695893,2023-12-06T09:05:00.000000Z
52.344567463673584,499935.168020472,2023-12-06T09:10:00.000000Z
41.58795991181614,499859.80914468097,2023-12-06T09:15:00.000000Z
55.95367877399792,500942.8620770196,2023-12-06T09:20:00.000000Z
46.60250448901771,500084.8633911474,2023-12-06T09:25:00.000000Z
35.72328763956499,500049.1832033497,2023-12-06T09:30:00.000000Z
49.10740918523943,500052.5150908668,2023-12-06T09:35:00.000000Z
50.67380710845045,500018.09278661775,2023-12-06T09:40:00.000000Z
52.25558276143323,499944.29292213486,2023-12-06T09:45:00.000000Z
70.28943850157492,499955.6753842553,2023-12-06T09:50:00.000000Z
53.81612732788028,499968.5124540199,2023-12-06T09:55:00.000000Z
46.55015932410944,499935.068879805,2023-12-06T10:00:00.000000Z
45.94739994412704,500010.382912248,2023-12-06T10:05:00.000000Z
56.47364543680869,499946.19259930943,2023-12-06T10:10:00.000000Z
40.14418580617239,500008.879110336,2023-12-06T10:15:00.000000Z
46.854455223494966,499986.9388695148,2023-12-06T10:20:00.000000Z
45.793846081009015,500206.4434444725,2023-12-06T10:25:00.000000Z
57.27471232257432,500123.080744296,2023-12-06T10:30:00.000000Z
41.56603154860344,499960.4412912731,2023-12-06T10:35:00.000000Z
57.108331240777545,500022.8005619551,2023-12-06T10:40:00.000000Z
47.93759751903938,499972.764103098,2023-12-06T10:45:00.000000Z
55.53919797829808,500064.15124638873,2023-12-06T10:50:00.000000Z
47.97076040093563,499956.8383592279,2023-12-06T10:55:00.000000Z
56.892484146135,500075.7947979255,2023-12-06T11:00:00.000000Z
52.70452957506507,499964.7423564839,2023-12-06T11:05:00.000000Z
53.298937077279,500013.347273675,2023-12-06T11:10:00.000000Z
46.04313529006966,500135.1709219531,2023-12-06T11:15:00.000000Z
46.57422247770073,499818.1530335377,2023-12-06T11:20:00.000000Z
53.245606240847785,499915.4491858619,2023-12-06T11:25:00.000000Z
45.95848683120332,499873.46178201534,2023-12-06T11:30:00.000000Z
58.8566750371064,499977.83821804106,2023-12-06T11:35:00.000000Z
49.63089436907182,500130.3382097469,2023-12-06T11:40:00.000000Z
43.32318733130562,499752.8913051366,2023-12-06T11:45:00.000000Z
56.81577647923907,499993.09853252827,2023-12-06T11:50:00.000000Z
48.05562263070247,499983.29182085866,2023-12-06T11:55:00.000000Z
45.47141542273656,500006.5234463459,2023-12-06T12:00:00.000000Z
60.1250074474883,500103.4701404862,2023-12-06T12:05:00.000000Z
46.466014667144506,500041.0485463234,2023-12-06T12:10:00.000000Z
49.13952340574975,499939.108845705,2023-12-06T12:15:00.000000Z
58.78048131002824,500105.463449386,2023-12-06T12:20:00.000000Z
57.644453283487564,500114.0493851833,2023-12-06T12:25:00.000000Z
49.72045798799429,500022.3476230503,2023-12-06T12:30:00.000000Z
51.61204263898146,500037.5179000253,2023-12-06T12:35:00.000000Z
88.59210690234946,500238.545736122,2023-12-06T12:40:00.000000Z
48.64661359734465,499977.7943154799,2023-12-06T12:45:00.000000Z
46.2690634989788,500220.4095637775,2023-12-06T12:50:00.000000Z
46.1969436516049,500152.3310141889,2023-12-06T12:55:00.000000Z
50.00014830766133,500131.9870892658,2023-12-06T13:00:00.000000Z
47.77083000501171,500043.75097524986,2023-12-06T13:05:00.000000Z
55.62831552660417,499806.1660907596,2023-12-06T13:10:00.000000Z
49.28902342516466,500032.5779460458,2023-12-06T13:15:00.000000Z
47.35376599946951,500128.875121982,2023-12-06T13:20:00.000000Z
56.0578020831613,500110.038180157,2023-12-06T13:25:00.000000Z
43.81875052876545,500073.5817920169,2023-12-06T13:30:00.000000Z
49.76132676661741,500127.7192400511,2023-12-06T13:35:00.000000Z
55.98160288290619,500031.77687147394,2023-12-06T13:40:00.000000Z
38.653912392400095,500062.1888234346,2023-12-06T13:45:00.000000Z
47.90653941515162,500011.8278458441,2023-12-06T13:50:00.000000Z
44.02610394359209,500141.8884348663,2023-12-06T13:55:00.000000Z
42.36065869027942,500023.3856265831,2023-12-06T14:00:00.000000Z
47.00189306574552,499943.4835394231,2023-12-06T14:05:00.000000Z
56.32798686664388,500055.3469471196,2023-12-06T14:10:00.000000Z
61.78683916149628,500051.9108432051,2023-12-06T14:15:00.000000Z
50.19271562523246,499948.4862501126,2023-12-06T14:20:00.000000Z
41.7515752188442,499994.056120681,2023-12-06T14:25:00.000000Z
52.106109594641175,500169.0549672087,2023-12-06T14:30:00.000000Z
44.579695716710575,499842.4247531771,2023-12-06T14:35:00.000000Z
54.0882820594293,499924.7736755801,2023-12-06T14:40:00.000000Z
53.04224692553911,499950.05716016167,2023-12-06T14:45:00.000000Z
55.60601143420861,500234.9757888097,2023-12-06T14:50:00.000000Z
43.63249917178037,499960.622184589,2023-12-06T14:55:00.000000Z
51.65902445548478,499963.597463202,2023-12-06T15:00:00.000000Z
54.47377427479021,499982.30289294914,2023-12-06T15:05:00.000000Z
45.04081281668038,499941.10502151377,2023-12-06T15:10:00.000000Z
50.45105817657507,499922.2985599705,2023-12-06T15:15:00.000000Z
51.72706796849246,499955.9081713486,2023-12-06T15:20:00.000000Z
56.47287751549632,500070.156830133,2023-12-06T15:25:00.000000Z
49.77699656026276,499894.4656041567,2023-12-06T15:30:00.000000Z
50.25787506746552,499969.747613832,2023-12-06T15:35:00.000000Z
53.03447356117231,499963.07486340014,2023-12-06T15:40:00.000000Z
43.58478583981534,499921.70129050495,2023-12-06T15:45:00.000000Z
46.43067401901435,500034.04941843054,2023-12-06T15:50:00.000000Z
58.15899681549466,499891.3606513416,2023-12-06T15:55:00.000000Z
49.99088861579308,499880.06772039447,2023-12-06T16:00:00.000000Z
50.60080904102705,500217.7237249516,2023-12-06T16:05:00.000000Z
50.35952389902479,499987.0434836937,2023-12-06T16:10:00.000000Z
53.18029736028881,499942.318067521,2023-12-06T16:15:00.000000Z
52.4371672807467,500284.2610251937,2023-12-06T16:20:00.000000Z
43.92585857798903,500076.1316758642,2023-12-06T16:25:00.000000Z
51.304065837278834,500038.9510276693,2023-12-06T16:30:00.000000Z
44.67031032605511,499802.75709896826,2023-12-06T16:35:00.000000Z
52.846683948117736,499871.52464816486,2023-12-06T16:40:00.000000Z
51.34610868125609,500094.7135412584,2023-12-06T16:45:00.000000Z
43.10969760926593,500001.987260785,2023-12-06T16:50:00.000000Z
43.21016870704551,499985.5207095936,2023-12-06T16:55:00.000000Z
52.26648055711919,500024.2161539456,2023-12-06T17:00:00.000000Z
52.8563164052689,500149.530599613,2023-12-06T17:05:00.000000Z
48.38135551997389,500069.9412023307,2023-12-06T17:10:00.000000Z
56.68514152526571,499912.1636096202,2023-12-06T17:15:00.000000Z
45.691174514070205,500126.3291892055,2023-12-06T17:20:00.000000Z
51.066175656855016,499956.441553074,2023-12-06T17:25:00.000000Z
50.1200329798376,499902.1099157602,2023-12-06T17:30:00.000000Z
47.94186930121701,500037.6628010387,2023-12-06T17:35:00.000000Z
47.00399293651414,500118.7352782761,2023-12-06T17:40:00.000000Z
54.27519918159546,499975.4601176672,2023-12-06T17:45:00.000000Z
53.55515564031809,500032.1295416626,2023-12-06T17:50:00.000000Z
50.29391401675291,500023.1437463312,2023-12-06T17:55:00.000000Z
37.50539753046246,500070.2689674827,2023-12-06T18:00:00.000000Z
52.16415908698767,499896.4470245374,2023-12-06T18:05:00.000000Z
46.911492139176175,500075.76250809967,2023-12-06T18:10:00.000000Z
49.18421873663116,499880.9077474219,2023-12-06T18:15:00.000000Z
43.67598789861833,499943.0642443058,2023-12-06T18:20:00.000000Z
44.44382691702263,500006.3514403998,2023-12-06T18:25:00.000000Z
48.29641413590759,500123.5757448988,2023-12-06T18:30:00.000000Z
52.256324444173416,499874.3449987055,2023-12-06T18:35:00.000000Z
89.10346075134181,499922.757709902,2023-12-06T18:40:00.000000Z
50.419039354454206,500053.8555429817,2023-12-06T18:45:00.000000Z
50.70161211006767,499906.202313786,2023-12-06T18:50:00.000000Z
45.17730329395994,500020.6222169239,2023-12-06T18:55:00.000000Z
48.87450611857966,499989.8778064637,2023-12-06T19:00:00.000000Z
48.578592615851406,500036.42895786406,2023-12-06T19:05:00.000000Z
51.4972552474292,500093.1760135912,2023-12-06T19:10:00.000000Z
44.05346362360221,500091.753543252,2023-12-06T19:15:00.000000Z
48.8562016652527,500146.4222371934,2023-12-06T19:20:00.000000Z
58.28523763882269,500250.96664517967,2023-12-06T19:25:00.000000Z
59.88480067816712,499939.9464160103,2023-12-06T19:30:00.000000Z
49.08258231081889,499905.6114292721,2023-12-06T19:35:00.000000Z
48.700662313915295,500011.5999804369,2023-12-06T19:40:00.000000Z
57.51369878134297,499996.78986006137,2023-12-06T19:45:00.000000Z
45.323454377413306,500075.7167040001,2023-12-06T19:50:00.000000Z
42.84305445396918,499898.31345401215,2023-12-06T19:55:00.000000Z
58.00969501971653,500007.418250487,2023-12-06T20:00:00.000000Z
57.42476653112313,500130.0208456448,2023-12-06T20:05:00.000000Z
45.96362024929135,499878.50225595216,2023-12-06T20:10:00.000000Z
46.882339459227474,499877.6597780815,2023-12-06T20:15:00.000000Z
59.53403883825312,499956.6266028615,2023-12-06T20:20:00.000000Z
52.30155835664425,499948.0461841119,2023-12-06T20:25:00.000000Z
37.29697785336168,500034.8578880575,2023-12-06T20:30:00.000000Z
48.01903116318412,500040.9697617545,2023-12-06T20:35:00.000000Z
45.45775457331036,500068.4091763708,2023-12-06T20:40:00.000000Z
52.37403647464184,500081.540777989,2023-12-06T20:45:00.000000Z
53.60129301339551,500063.3427147644,2023-12-06T20:50:00.000000Z
49.325976086308735,500125.0390307661,2023-12-06T20:55:00.000000Z
45.444463044924,500002.7374269612,2023-12-06T21:00:00.000000Z
53.54403562245689,500004.8260951609,2023-12-06T21:05:00.000000Z
53.85575752777511,499944.72147815087,2023-12-06T21:10:00.000000Z
48.05176123111772,499940.16201187583,2023-12-06T21:15:00.000000Z
46.7217732638258,499964.8889723373,2023-12-06T21:20:00.000000Z
46.79434573733433,499977.925302077,2023-12-06T21:25:00.000000Z
57.803467294365305,500104.10978375096,2023-12-06T21:30:00.000000Z
53.28374102304672,499951.7115908065,2023-12-06T21:35:00.000000Z
42.40134685001586,500117.801327278,2023-12-06T21:40:00.000000Z
53.17551962698577,499962.1294674497,2023-12-06T21:45:00.000000Z
47.28100421420928,500093.9528520763,2023-12-06T21:50:00.000000Z
40.38720527346169,500040.2074229968,2023-12-06T21:55:00.000000Z
52.36168649349413,500019.88736507937,2023-12-06T22:00:00.000000Z
43.405378919553975,500034.0610564149,2023-12-06T22:05:00.000000Z
57.36380007484164,499979.96489773766,2023-12-06T22:10:00.000000Z
56.51234100804531,499848.039954225,2023-12-06T22:15:00.000000Z
50.06547993737133,499959.8263845702,2023-12-06T22:20:00.000000Z
50.060738140432086,500003.4972981449,2023-12-06T22:25:00.000000Z
47.79230284988709,500055.0240668065,2023-12-06T22:30:00.000000Z
50.65235435618824,500016.5122833235,2023-12-06T22:35:00.000000Z
48.79692967090655,500081.310734016,2023-12-06T22:40:00.000000Z
48.91025642061687,500148.7794439474,2023-12-06T22:45:00.000000Z
48.91768790045223,499922.11562461616,2023-12-06T22:50:00.000000Z
49.73123229952845,499953.3268270603,2023-12-06T22:55:00.000000Z
43.62244021270112,499917.1312490886,2023-12-06T23:00:00.000000Z
58.48014302463271,500089.8262822993,2023-12-06T23:05:00.000000Z
52.53391271988325,499842.98780686106,2023-12-06T23:10:00.000000Z
53.90775734509367,499962.3546435617,2023-12-06T23:15:00.000000Z
59.206919957674565,499873.874474752,2023-12-06T23:20:00.000000Z
51.79841583391495,499903.5454936475,2023-12-06T23:25:00.000000Z
47.244531472755625,500003.05645594274,2023-12-06T23:30:00.000000Z
61.82033624048179,499871.6888104423,2023-12-06T23:35:00.000000Z
55.02644675365312,500121.8325864738,2023-12-06T23:40:00.000000Z
56.656143717585536,500101.5524020002,2023-12-06T23:45:00.000000Z
55.16860450539842,500036.64121384645,2023-12-06T23:50:00.000000Z
49.45356418000191,500075.7419826438,2023-12-06T23:55:00.000000Z
64.07170282782019,499846.6742507105,2023-12-07T00:00:00.000000Z
57.85493122050723,499838.22392964334,2023-12-07T00:05:00.000000Z
42.14253999050694,499940.3510580089,2023-12-07T00:10:00.000000Z
51.27311439256219,500070.4398003452,2023-12-07T00:15:00.000000Z
49.42649202415567,500043.9749797965,2023-12-07T00:20:00.000000Z
46.02942151611697,499911.2180187529,2023-12-07T00:25:00.000000Z
53.99232183090594,500059.8778833884,2023-12-07T00:30:00.000000Z
50.043686968916205,500074.7682704408,2023-12-07T00:35:00.000000Z
43.2894337431048,499987.40240217495,2023-12-07T00:40:00.000000Z
44.740403572915255,499840.1104331973,2023-12-07T00:45:00.000000Z
46.27965439267884,500200.2759354184,2023-12-07T00:50:00.000000Z
56.30885545415797,500164.6274605213,2023-12-07T00:55:00.000000Z
51.35485569276157,499797.5177222933,2023-12-07T01:00:00.000000Z
54.42289887862796,499985.4594500902,2023-12-07T01:05:00.000000Z
49.6574062785206,500142.0866345559,2023-12-07T01:10:00.000000Z
50.33955838233189,500030.0597280552,2023-12-07T01:15:00.000000Z
44.71020256813028,499942.7647009167,2023-12-07T01:20:00.000000Z
45.08218444559135,499990.8695269681,2023-12-07T01:25:00.000000Z
51.988118115323175,500166.23469439,2023-12-07T01:30:00.000000Z
55.66193019300919,499898.8045786608,2023-12-07T01:35:00.000000Z
43.08085787199359,500194.2684805043,2023-12-07T01:40:00.000000Z
46.82088909527363,500101.8464779494,2023-12-07T01:45:00.000000Z
43.95010933000042,500064.733007391,2023-12-07T01:50:00.000000Z
41.95528289321598,500218.9974127275,2023-12-07T01:55:00.000000Z
47.53143226888459,500182.0235457785,2023-12-07T02:00:00.000000Z
52.22731022083397,499926.93663286936,2023-12-07T02:05:00.000000Z
46.09780742255968,500210.5336030741,2023-12-07T02:10:00.000000Z
49.41703445930776,499912.8204566658,2023-12-07T02:15:00.000000Z
45.07559972127811,499850.36656545545,2023-12-07T02:20:00.000000Z
55.13060773751938,500795.5136704148,2023-12-07T02:25:00.000000Z
45.65980219271228,499829.7812401662,2023-12-07T02:30:00.000000Z
55.2228844036549,499828.30574771896,2023-12-07T02:35:00.000000Z
49.06055912045677,499945.6848358461,2023-12-07T02:40:00.000000Z
49.16877748488048,500142.9749394092,2023-12-07T02:45:00.000000Z
53.28937974672106,500192.9557373559,2023-12-07T02:50:00.000000Z
53.71890960733426,499836.89281843737,2023-12-07T02:55:00.000000Z
52.8882712870816,499871.39941270766,2023-12-07T03:00:00.000000Z
53.29307247772008,500053.2165989589,2023-12-07T03:05:00.000000Z
51.06055359103445,499989.8396440723,2023-12-07T03:10:00.000000Z
52.31688627984062,500053.4618619219,2023-12-07T03:15:00.000000Z
55.97632403233654,500038.68721178087,2023-12-07T03:20:00.000000Z
47.11966667963429,499945.7279182717,2023-12-07T03:25:00.000000Z
50.64091364742286,499983.8395191342,2023-12-07T03:30:00.000000Z
49.12484445843404,499878.3934399411,2023-12-07T03:35:00.000000Z
48.981094478866616,499929.242566344,2023-12-07T03:40:00.000000Z
47.60276415203641,499837.9348740236,2023-12-07T03:45:00.000000Z
52.84061493651093,500168.386763143,2023-12-07T03:50:00.000000Z
53.15767941725587,500005.7231147539,2023-12-07T03:55:00.000000Z
51.35473174612377,500068.5575496162,2023-12-07T04:00:00.000000Z
53.01420735412973,500134.5863788311,2023-12-07T04:05:00.000000Z
49.70665107013824,499836.1382277574,2023-12-07T04:10:00.000000Z
56.334167227331946,500033.9692815101,2023-12-07T04:15:00.000000Z
57.02137670342415,500031.58665059775,2023-12-07T04:20:00.000000Z
48.92416547101827,500003.24405120895,2023-12-07T04:25:00.000000Z
46.41936620516954,500150.45935114834,2023-12-07T04:30:00.000000Z
46.95369458576135,500058.5205884067,2023-12-07T04:35:00.000000Z
45.503033982617005,500004.5793813316,2023-12-07T04:40:00.000000Z
56.33877869896415,499924.0947963717,2023-12-07T04:45:00.000000Z
54.290634779828245,500053.3533191459,2023-12-07T04:50:00.000000Z
43.94453569319951,500190.0674395383,2023-12-07T04:55:00.000000Z
59.66679259717552,499984.8085044588,2023-12-07T05:00:00.000000Z
48.94779538544818,499969.7640183279,2023-12-07T05:05:00.000000Z
45.77523630199585,499825.1556140595,2023-12-07T05:10:00.000000Z
61.63509632786747,500266.00902588223,2023-12-07T05:15:00.000000Z
51.11633683688471,499983.2521495942,2023-12-07T05:20:00.000000Z
45.56550850678341,499905.3526744112,2023-12-07T05:25:00.000000Z
56.146377020341,500136.4545209733,2023-12-07T05:30:00.000000Z
51.41619562996098,500079.3117733574,2023-12-07T05:35:00.000000Z
53.03962144306976,499963.2879902629,2023-12-07T05:40:00.000000Z
42.19515903238607,500086.2760913709,2023-12-07T05:45:00.000000Z
50.81785113432493,499986.99072631216,2023-12-07T05:50:00.000000Z
52.3889701492561,500115.73823190073,2023-12-07T05:55:00.000000Z
53.53049531935695,500003.04929052776,2023-12-07T06:00:00.000000Z
49.79003192324039,500074.7236323764,2023-12-07T06:05:00.000000Z
48.36429953279027,499947.99173105,2023-12-07T06:10:00.000000Z
49.11659436906353,499993.8707184967,2023-12-07T06:15:00.000000Z
46.66812121306186,499994.7737094175,2023-12-07T06:20:00.000000Z
49.47859435050905,499973.6407833751,2023-12-07T06:25:00.000000Z
34.459231456633816,500058.44704802055,2023-12-07T06:30:00.000000Z
55.23962876644671,499935.57810841326,2023-12-07T06:35:00.000000Z
48.21098327075214,500068.2947397728,2023-12-07T06:40:00.000000Z
52.40203383697847,500238.4344393889,2023-12-07T06:45:00.000000Z
45.1820270042975,499774.1046172841,2023-12-07T06:50:00.000000Z
51.06149623852674,500179.0865262931,2023-12-07T06:55:00.000000Z
50.29564076486203,500013.5120334141,2023-12-07T07:00:00.000000Z
35.32585251969657,500031.8529824,2023-12-07T07:05:00.000000Z
52.05688256539524,499933.3460663388,2023-12-07T07:10:00.000000Z
50.72825027357182,500099.22542778414,2023-12-07T07:15:00.000000Z
49.66013361719624,500058.9707386821,2023-12-07T07:20:00.000000Z
48.87547799655624,499940.5086534345,2023-12-07T07:25:00.000000Z
44.8470434113488,499876.325448385,2023-12-07T07:30:00.000000Z
57.16063035820932,500046.1389693396,2023-12-07T07:35:00.000000Z
56.07689811804732,499935.49154341815,2023-12-07T07:40:00.000000Z
47.86424124526188,499938.6820396329,2023-12-07T07:45:00.000000Z
50.24053145325645,499994.888456812,2023-12-07T07:50:00.000000Z
46.3068666097301,501083.91673981166,2023-12-07T07:55:00.000000Z
51.99579735858945,500100.1772882275,2023-12-07T08:00:00.000000Z
59.84560395019256,500026.7771312457,2023-12-07T08:05:00.000000Z
46.83616047864339,499896.75673869153,2023-12-07T08:10:00.000000Z
44.85252080840057,500041.2115092945,2023-12-07T08:15:00.000000Z
51.50025426350639,499909.9313407685,2023-12-07T08:20:00.000000Z
54.66120557539846,499850.3783791937,2023-12-07T08:25:00.000000Z
56.17555230716619,499923.2815921605,2023-12-07T08:30:00.000000Z
52.2339771843884,500032.7441958204,2023-12-07T08:35:00.000000Z
50.74251855815196,500221.4585243745,2023-12-07T08:40:00.000000Z
55.770100289129104,500073.4867551588,2023-12-07T08:45:00.000000Z
56.47181278902902,500176.7723405229,2023-12-07T08:50:00.000000Z
45.575062733234034,500038.0960666907,2023-12-07T08:55:00.000000Z
38.85656469939922,499908.5155518783,2023-12-07T09:00:00.000000Z
47.26958746482236,500047.2953112394,2023-12-07T09:05:00.000000Z
47.24150418704375,500006.0108682944,2023-12-07T09:10:00.000000Z
54.800910820438325,499905.7434640066,2023-12-07T09:15:00.000000Z
56.40094332514591,500049.7236606017,2023-12-07T09:20:00.000000Z
55.360835242783736,499864.1787372042,2023-12-07T09:25:00.000000Z
43.86528357095171,499944.5141857389,2023-12-07T09:30:00.000000Z
45.48090113923016,499901.5991819337,2023-12-07T09:35:00.000000Z
54.80861201024062,499990.4690405418,2023-12-07T09:40:00.000000Z
47.92935713471394,500032.90977280174,2023-12-07T09:45:00.000000Z
42.723027961502176,500559.857789194,2023-12-07T09:50:00.000000Z
53.450098515534826,500058.3794050923,2023-12-07T09:55:00.000000Z
52.70632080418992,500129.4386818452,2023-12-07T10:00:00.000000Z
46.98841387264447,500014.9783496067,2023-12-07T10:05:00.000000Z
55.56527717395766,499986.2765983816,2023-12-07T10:10:00.000000Z
54.48557397000577,499912.6805678841,2023-12-07T10:15:00.000000Z
49.61745432833872,499924.0090299945,2023-12-07T10:20:00.000000Z
49.959362874397,499856.7422520295,2023-12-07T10:25:00.000000Z
52.43851389684371,499975.0569885542,2023-12-07T10:30:00.000000Z
53.906211254065234,499990.8267759934,2023-12-07T10:35:00.000000Z
50.54542247792152,500055.3836695622,2023-12-07T10:40:00.000000Z
47.775287872173166,499991.5619775529,2023-12-07T10:45:00.000000Z
42.12197197680028,499974.1825685961,2023-12-07T10:50:00.000000Z
39.38523110153014,499956.5694827046,2023-12-07T10:55:00.000000Z
54.89328261125013,500017.0116328639,2023-12-07T11:00:00.000000Z
49.0688914482795,499929.8514580529,2023-12-07T11:05:00.000000Z
49.86698594361333,500082.9880492282,2023-12-07T11:10:00.000000Z
46.927430550631385,499808.49539764336,2023-12-07T11:15:00.000000Z
59.94330002140672,500042.1705486481,2023-12-07T11:20:00.000000Z
53.816845500066286,499887.6421040522,2023-12-07T11:25:00.000000Z
57.13218353404958,499974.7875912652,2023-12-07T11:30:00.000000Z
46.71459754459493,499916.2726126088,2023-12-07T11:35:00.000000Z
51.79220213288145,499914.5865981161,2023-12-07T11:40:00.000000Z
49.84918944908528,500121.7221769931,2023-12-07T11:45:00.000000Z
46.3016986607007,500131.6990627979,2023-12-07T11:50:00.000000Z
49.314300076292646,499892.7125051347,2023-12-07T11:55:00.000000Z
59.428471914097656,499935.30411945214,2023-12-07T12:00:00.000000Z
52.24876202192807,499856.1913151137,2023-12-07T12:05:00.000000Z
56.47472998043412,500210.4509371519,2023-12-07T12:10:00.000000Z
54.80123878568272,499961.83724605857,2023-12-07T12:15:00.000000Z
58.693696264455646,500130.0449131738,2023-12-07T12:20:00.000000Z
57.53934746555711,500028.53585443774,2023-12-07T12:25:00.000000Z
51.56859978007618,500116.471915865,2023-12-07T12:30:00.000000Z
51.76042921215221,500077.8769812799,2023-12-07T12:35:00.000000Z
55.19821035735068,499872.66298108245,2023-12-07T12:40:00.000000Z
47.7108854335745,499908.93224698526,2023-12-07T12:45:00.000000Z
60.00127035723365,499952.1977662272,2023-12-07T12:50:00.000000Z
48.916177889132825,500020.2486910006,2023-12-07T12:55:00.000000Z
58.914958014442405,500089.1714579964,2023-12-07T13:00:00.000000Z
49.570928458282,499975.6543182729,2023-12-07T13:05:00.000000Z
49.92442376519491,499833.6365626056,2023-12-07T13:10:00.000000Z
44.134831052928334,499817.4078204409,2023-12-07T13:15:00.000000Z
40.87006609342635,500112.9645499584,2023-12-07T13:20:00.000000Z
42.60657535065754,500086.569930366,2023-12-07T13:25:00.000000Z
48.64317806351059,500166.6497180738,2023-12-07T13:30:00.000000Z
84.88830870463839,500030.2384002472,2023-12-07T13:35:00.000000Z
49.30235360639613,499945.0094940859,2023-12-07T13:40:00.000000Z
47.604075626728736,500021.16562587366,2023-12-07T13:45:00.000000Z
43.884794506233405,500057.3543045952,2023-12-07T13:50:00.000000Z
53.51307058444967,499872.0595472813,2023-12-07T13:55:00.000000Z
45.56797645754391,499941.64025954495,2023-12-07T14:00:00.000000Z
44.3906048734408,499823.0826487456,2023-12-07T14:05:00.000000Z
50.75753488442478,499975.28582056967,2023-12-07T14:10:00.000000Z
48.40336736986755,500168.0945681724,2023-12-07T14:15:00.000000Z
53.57842554628887,500042.0007616252,2023-12-07T14:20:00.000000Z
51.27251256218643,499907.1821640575,2023-12-07T14:25:00.000000Z
46.34314013423905,499867.6466300399,2023-12-07T14:30:00.000000Z
54.816094803896114,500081.1449146911,2023-12-07T14:35:00.000000Z
44.45666923773554,499759.9270359503,2023-12-07T14:40:00.000000Z
50.18523967434601,499834.8812971684,2023-12-07T14:45:00.000000Z
46.93323071526093,500148.7144454691,2023-12-07T14:50:00.000000Z
52.26295906436737,499909.9907511569,2023-12-07T14:55:00.000000Z
54.95850417670776,500085.2008459363,2023-12-07T15:00:00.000000Z
42.18465160841947,500042.277355777,2023-12-07T15:05:00.000000Z
44.10960680386331,499731.5925605841,2023-12-07T15:10:00.000000Z
55.37870755918772,499884.0797542573,2023-12-07T15:15:00.000000Z
45.77110674695176,499820.8725232268,2023-12-07T15:20:00.000000Z
44.66303382860427,500138.79495477886,2023-12-07T15:25:00.000000Z
38.39147986458916,499911.8925013319,2023-12-07T15:30:00.000000Z
47.76211300470677,499978.7848094322,2023-12-07T15:35:00.000000Z
58.651746297417205,499874.4722295297,2023-12-07T15:40:00.000000Z
45.07019396697677,500083.2244677712,2023-12-07T15:45:00.000000Z
42.26946578908038,499932.1899250822,2023-12-07T15:50:00.000000Z
56.29779662579064,500066.4064889355,2023-12-07T15:55:00.000000Z
49.423044845519215,500116.07761195966,2023-12-07T16:00:00.000000Z
52.50694428790958,500108.1053861197,2023-12-07T16:05:00.000000Z
49.80367190224384,500034.0297760746,2023-12-07T16:10:00.000000Z
52.94552095593943,500080.5837357911,2023-12-07T16:15:00.000000Z
39.6927470896532,500013.2633215885,2023-12-07T16:20:00.000000Z
44.48856934159516,500015.02770099626,2023-12-07T16:25:00.000000Z
49.25163980559354,500055.9103758343,2023-12-07T16:30:00.000000Z
62.427728124364336,500142.4029125975,2023-12-07T16:35:00.000000Z
46.03419854332712,500042.5961120102,2023-12-07T16:40:00.000000Z
58.48768161622866,499888.2002120895,2023-12-07T16:45:00.000000Z
48.76416112315535,499946.6876539158,2023-12-07T16:50:00.000000Z
48.47790507327045,499929.8141073596,2023-12-07T16:55:00.000000Z
44.49121375321038,500038.0751966066,2023-12-07T17:00:00.000000Z
56.24690708979055,499795.9831422583,2023-12-07T17:05:00.000000Z
51.90278982046896,500041.355136734,2023-12-07T17:10:00.000000Z
50.17694417575265,499973.4540857482,2023-12-07T17:15:00.000000Z
48.45895705629973,500001.511233385,2023-12-07T17:20:00.000000Z
52.91628043764334,499839.37968700833,2023-12-07T17:25:00.000000Z
47.67578430041656,500102.6860945261,2023-12-07T17:30:00.000000Z
53.68145925165468,500166.5333525236,2023-12-07T17:35:00.000000Z
47.27551115852548,499936.69581562985,2023-12-07T17:40:00.000000Z
49.30353250022197,500146.47054442,2023-12-07T17:45:00.000000Z
56.56881046722927,499987.3745950418,2023-12-07T17:50:00.000000Z
44.68955002579364,499929.2014675874,2023-12-07T17:55:00.000000Z
62.74602481557036,500036.05920956464,2023-12-07T18:00:00.000000Z
56.230022848124406,500221.2896188973,2023-12-07T18:05:00.000000Z
51.00902118791947,499835.4919384454,2023-12-07T18:10:00.000000Z
46.88191170495227,500006.3407372313,2023-12-07T18:15:00.000000Z
47.50973707575747,499981.7938371039,2023-12-07T18:20:00.000000Z
93.58331402809073,500346.2914832835,2023-12-07T18:25:00.000000Z
55.77969263880748,500106.0990062935,2023-12-07T18:30:00.000000Z
48.51194944236224,499792.5482424952,2023-12-07T18:35:00.000000Z
46.57910366187333,499844.544407781,2023-12-07T18:40:00.000000Z
52.29550817826132,499848.3597401428,2023-12-07T18:45:00.000000Z
45.19259638496759,499912.7562052906,2023-12-07T18:50:00.000000Z
54.70563006249324,500056.9328857611,2023-12-07T18:55:00.000000Z
49.1313942461712,499966.298225952,2023-12-07T19:00:00.000000Z
51.88939502168289,500017.2970262485,2023-12-07T19:05:00.000000Z
45.02234073002919,500197.8366037207,2023-12-07T19:10:00.000000Z
46.06324091142348,500112.4661258084,2023-12-07T19:15:00.000000Z
48.82720484997208,500111.1542942334,2023-12-07T19:20:00.000000Z
48.14775269555992,500102.8609332581,2023-12-07T19:25:00.000000Z
83.24273567408946,500091.2420842042,2023-12-07T19:30:00.000000Z
54.90676597970034,499946.12395600486,2023-12-07T19:35:00.000000Z
52.02341006978038,499963.1264404544,2023-12-07T19:40:00.000000Z
46.14503235664308,499689.9567178841,2023-12-07T19:45:00.000000Z
54.8509620992073,499970.5592901699,2023-12-07T19:50:00.000000Z
43.43630407390408,500165.1269964787,2023-12-07T19:55:00.000000Z
47.24922657786947,500118.75108856417,2023-12-07T20:00:00.000000Z
48.11322264414149,500093.4786280949,2023-12-07T20:05:00.000000Z
54.85271664999797,500014.03042530944,2023-12-07T20:10:00.000000Z
51.748581081966975,499734.2621053448,2023-12-07T20:15:00.000000Z
44.63114453861147,500092.1088796512,2023-12-07T20:20:00.000000Z
47.88945671916613,499989.1309894577,2023-12-07T20:25:00.000000Z
52.47104432880051,500001.2425578152,2023-12-07T20:30:00.000000Z
57.00059554660467,499975.41592209233,2023-12-07T20:35:00.000000Z
41.49551629747273,500062.65683122736,2023-12-07T20:40:00.000000Z
57.2526903736525,499807.20332597307,2023-12-07T20:45:00.000000Z
53.77989622451546,499907.8961980205,2023-12-07T20:50:00.000000Z
52.73381446399828,499981.6673871681,2023-12-07T20:55:00.000000Z
53.14932421588354,500087.04459760647,2023-12-07T21:00:00.000000Z
41.37691495731108,500328.9258949291,2023-12-07T21:05:00.000000Z
47.25330052647452,499964.7717557319,2023-12-07T21:10:00.000000Z
42.61330608439745,500023.18705465744,2023-12-07T21:15:00.000000Z
53.29977811231534,499880.88367123925,2023-12-07T21:20:00.000000Z
51.91095941537603,500010.7939465487,2023-12-07T21:25:00.000000Z
48.95600554446576,500034.6027619581,2023-12-07T21:30:00.000000Z
47.43138645283105,500004.8892347409,2023-12-07T21:35:00.000000Z
51.74473535110185,500016.9006345247,2023-12-07T21:40:00.000000Z
55.65580883915489,500062.7038635385,2023-12-07T21:45:00.000000Z
47.35863630013528,500028.8427603581,2023-12-07T21:50:00.000000Z
52.27445927896142,499873.8473431908,2023-12-07T21:55:00.000000Z
52.10731785105227,499937.846505464,2023-12-07T22:00:00.000000Z
50.79933806192075,500051.8457844649,2023-12-07T22:05:00.000000Z
45.23700371367981,500123.7459688079,2023-12-07T22:10:00.000000Z
55.19142457826408,499690.24695301376,2023-12-07T22:15:00.000000Z
48.89116119116887,499917.0353265918,2023-12-07T22:20:00.000000Z
54.872106687829984,499740.16200334014,2023-12-07T22:25:00.000000Z
48.5474407811077,500109.692304083,2023-12-07T22:30:00.000000Z
53.29019897287456,499999.426874336,2023-12-07T22:35:00.000000Z
46.4411995306728,499820.9643971319,2023-12-07T22:40:00.000000Z
53.20866859287958,500132.4355164497,2023-12-07T22:45:00.000000Z
49.073154379301634,500100.04939029465,2023-12-07T22:50:00.000000Z
39.043585018645175,499863.52877968526,2023-12-07T22:55:00.000000Z
49.62775547341409,500011.1572823974,2023-12-07T23:00:00.000000Z
48.40498799154389,499991.43612620345,2023-12-07T23:05:00.000000Z
48.47052696126831,500009.96935452585,2023-12-07T23:10:00.000000Z
42.81224607832375,499988.3464074328,2023-12-07T23:15:00.000000Z
45.64881580345797,500011.4284215376,2023-12-07T23:20:00.000000Z
37.50354377314215,499929.2746008639,2023-12-07T23:25:00.000000Z
50.416499323760966,499970.7284880074,2023-12-07T23:30:00.000000Z
43.24881438032445,499809.3507197118,2023-12-07T23:35:00.000000Z
61.57919320381563,499983.2091411951,2023-12-07T23:40:00.000000Z
56.73975463068044,500095.1443180553,2023-12-07T23:45:00.000000Z
47.6448941152361,499868.63271941926,2023-12-07T23:50:00.000000Z
40.91954119574249,499990.3300144001,2023-12-07T23:55:00.000000Z
51.69856678584663,499995.00302354473,2023-12-08T00:00:00.000000Z
47.78378079264243,499930.9619254312,2023-12-08T00:05:00.000000Z
41.31979222427592,499966.36889930256,2023-12-08T00:10:00.000000Z
43.359642796968096,500084.1858389989,2023-12-08T00:15:00.000000Z
53.1953957491979,500092.4275828926,2023-12-08T00:20:00.000000Z
51.19779297211517,500062.0687447274,2023-12-08T00:25:00.000000Z
52.69421253327197,500079.9918550411,2023-12-08T00:30:00.000000Z
43.98369439888551,500141.59774084506,2023-12-08T00:35:00.000000Z
56.09162270204992,500013.023514872,2023-12-08T00:40:00.000000Z
58.963005660188415,499981.8932226818,2023-12-08T00:45:00.000000Z
57.73576993950175,500045.9353821047,2023-12-08T00:50:00.000000Z
51.76544062015179,500096.7965201757,2023-12-08T00:55:00.000000Z
47.42074809788419,500707.4127175227,2023-12-08T01:00:00.000000Z
53.86871450919702,499881.6498180211,2023-12-08T01:05:00.000000Z
57.21367055048261,500088.970597791,2023-12-08T01:10:00.000000Z
46.27413131194224,500203.69399114704,2023-12-08T01:15:00.000000Z
55.07693283479711,500043.05619019247,2023-12-08T01:20:00.000000Z
56.23490964734072,499950.62756521074,2023-12-08T01:25:00.000000Z
53.93773119089975,500056.1814358352,2023-12-08T01:30:00.000000Z
51.76923207447884,500115.2833529641,2023-12-08T01:35:00.000000Z
49.73371207131999,500114.4848512206,2023-12-08T01:40:00.000000Z
52.76466159166334,500024.4094277434,2023-12-08T01:45:00.000000Z
43.36576736832703,500013.17721364216,2023-12-08T01:50:00.000000Z
53.92055662055165,500060.083881865,2023-12-08T01:55:00.000000Z
46.21196039377936,500098.8266088909,2023-12-08T02:00:00.000000Z
46.76959718712526,500038.5835109901,2023-12-08T02:05:00.000000Z
58.710481068771855,499936.4587182809,2023-12-08T02:10:00.000000Z
53.86074087697253,500161.7004152236,2023-12-08T02:15:00.000000Z
52.93186225842243,500076.1209575152,2023-12-08T02:20:00.000000Z
46.32747765190063,500025.3156208288,2023-12-08T02:25:00.000000Z
48.47974168682141,499907.6677440752,2023-12-08T02:30:00.000000Z
49.10004171786016,500084.90854359,2023-12-08T02:35:00.000000Z
51.37857043873448,500033.4363905839,2023-12-08T02:40:00.000000Z
44.13336553259893,499977.43348939245,2023-12-08T02:45:00.000000Z
50.463869281450144,499838.9353391583,2023-12-08T02:50:00.000000Z
55.8411831037596,499987.6970284671,2023-12-08T02:55:00.000000Z
63.26340633908792,499868.9280132629,2023-12-08T03:00:00.000000Z
55.79765382962507,500028.5689372683,2023-12-08T03:05:00.000000Z
52.53957003544996,500148.4113737145,2023-12-08T03:10:00.000000Z
49.60793901331584,499990.2896162878,2023-12-08T03:15:00.000000Z
53.70727931493859,500047.9700248223,2023-12-08T03:20:00.000000Z
49.98373089254696,500004.1150235004,2023-12-08T03:25:00.000000Z
51.51955236278275,500029.38609653816,2023-12-08T03:30:00.000000Z
54.80593522871781,499854.53131371824,2023-12-08T03:35:00.000000Z
41.90159161121109,499788.4428740107,2023-12-08T03:40:00.000000Z
47.471551332769,500040.938389547,2023-12-08T03:45:00.000000Z
46.08360039615387,500048.63968879625,2023-12-08T03:50:00.000000Z
45.965252490882285,499995.2552678644,2023-12-08T03:55:00.000000Z
58.19479750473282,500094.5457879625,2023-12-08T04:00:00.000000Z
39.35375897335012,500049.3705963369,2023-12-08T04:05:00.000000Z
54.67421019973412,499972.81807634665,2023-12-08T04:10:00.000000Z
44.43855620962941,499888.2023029887,2023-12-08T04:15:00.000000Z
46.08521394383585,500027.2935336496,2023-12-08T04:20:00.000000Z
59.65135607951201,500088.3355800903,2023-12-08T04:25:00.000000Z
45.458997305386696,499851.0570571759,2023-12-08T04:30:00.000000Z
51.20233916595337,500097.35020624025,2023-12-08T04:35:00.000000Z
45.68637301952985,500048.1298943216,2023-12-08T04:40:00.000000Z
52.44220407468109,499934.740476835,2023-12-08T04:45:00.000000Z
56.1849852281325,500108.831005175,2023-12-08T04:50:00.000000Z
53.04942699087389,500195.94339772034,2023-12-08T04:55:00.000000Z
50.19472278120647,500169.4114561689,2023-12-08T05:00:00.000000Z
51.60327516156187,499994.1939955263,2023-12-08T05:05:00.000000Z
44.282758588342176,499878.31511627696,2023-12-08T05:10:00.000000Z
48.83509432173783,500197.0124403718,2023-12-08T05:15:00.000000Z
53.10186423757985,500057.857345132,2023-12-08T05:20:00.000000Z
52.841552359054624,500178.681607311,2023-12-08T05:25:00.000000Z
57.72439415118729,499906.6667645967,2023-12-08T05:30:00.000000Z
51.83299260503746,500019.14391846536,2023-12-08T05:35:00.000000Z
52.62701647946788,499992.7805431982,2023-12-08T05:40:00.000000Z
49.34935962451975,499918.8175142168,2023-12-08T05:45:00.000000Z
49.76880860586088,500147.4590891654,2023-12-08T05:50:00.000000Z
52.162851843625226,499994.9378335331,2023-12-08T05:55:00.000000Z
42.09269686104388,500019.3117302217,2023-12-08T06:00:00.000000Z
41.96098448560303,499987.9391357233,2023-12-08T06:05:00.000000Z
47.63567885780003,499986.7888787251,2023-12-08T06:10:00.000000Z
52.89936203961315,500015.7811158857,2023-12-08T06:15:00.000000Z
42.867413982770735,500138.55747512064,2023-12-08T06:20:00.000000Z
51.74209721937755,500035.7536833332,2023-12-08T06:25:00.000000Z
54.073155792053576,499986.90581811714,2023-12-08T06:30:00.000000Z
50.86652744323445,499927.1973248604,2023-12-08T06:35:00.000000Z
45.19870838925671,499940.9491507369,2023-12-08T06:40:00.000000Z
50.74361994990053,500050.57079869474,2023-12-08T06:45:00.000000Z
53.61996655948976,499903.594690419,2023-12-08T06:50:00.000000Z
44.27285656319061,499945.6890512572,2023-12-08T06:55:00.000000Z
49.16914386918442,499968.9651721271,2023-12-08T07:00:00.000000Z
46.10447882958765,499973.3722490627,2023-12-08T07:05:00.000000Z
51.66200662080024,499910.4614094293,2023-12-08T07:10:00.000000Z
51.27327098990192,500287.0531798449,2023-12-08T07:15:00.000000Z
45.03475531072565,499895.87807326985,2023-12-08T07:20:00.000000Z
56.08854544512022,499841.4752240599,2023-12-08T07:25:00.000000Z
51.67024691644705,500007.1472089792,2023-12-08T07:30:00.000000Z
65.16033496748614,499943.8814003554,2023-12-08T07:35:00.000000Z
51.37175819583443,499944.0941811052,2023-12-08T07:40:00.000000Z
56.61573478206932,500130.2398834444,2023-12-08T07:45:00.000000Z
46.43888790237885,499920.7344204493,2023-12-08T07:50:00.000000Z
55.365421637845,499871.082323749,2023-12-08T07:55:00.000000Z
59.6914386768646,499915.932760308,2023-12-08T08:00:00.000000Z
45.7242759111632,500050.324490037,2023-12-08T08:05:00.000000Z
55.77946416741189,499899.7182557668,2023-12-08T08:10:00.000000Z
54.106523005981245,500088.93186677207,2023-12-08T08:15:00.000000Z
56.40949306883281,499857.3961224037,2023-12-08T08:20:00.000000Z
50.38760013759861,499996.7107543699,2023-12-08T08:25:00.000000Z
43.92465564887762,499931.7896231458,2023-12-08T08:30:00.000000Z
95.04768293445136,499986.6310438318,2023-12-08T08:35:00.000000Z
51.90608920022504,500009.294963201,2023-12-08T08:40:00.000000Z
39.606640001840674,499988.7518013923,2023-12-08T08:45:00.000000Z
54.82865487887637,499885.5209678508,2023-12-08T08:50:00.000000Z
50.948085788101785,500095.1815128383,2023-12-08T08:55:00.000000Z
48.00421848586898,500084.6557838736,2023-12-08T09:00:00.000000Z
56.57011329881686,499918.7572401704,2023-12-08T09:05:00.000000Z
47.97861405729084,500065.94132345787,2023-12-08T09:10:00.000000Z
47.91012476749155,499765.6270258462,2023-12-08T09:15:00.000000Z
