timestamp, cpu_used, memory_used
2023-12-04T22:00:00.000000Z,35.61533419994929,468660.3966543591
2023-12-04T22:05:00.000000Z,29.05476768330109,528183.4179301772
2023-12-04T22:10:00.000000Z,27.90428813441376,503466.636067802
2023-12-04T22:15:00.000000Z,32.55167535620491,501880.8461275024
2023-12-04T22:20:00.000000Z,29.610737053100685,513080.13845337473
2023-12-04T22:25:00.000000Z,30.81945471472126,470732.7367756636
2023-12-04T22:30:00.000000Z,34.67982954742565,510988.0794805017
2023-12-04T22:35:00.000000Z,31.450034061002363,520973.7326862528
2023-12-04T22:40:00.000000Z,32.70792046436789,502932.4611949851
2023-12-04T22:45:00.000000Z,26.706958277770543,497412.662871291
2023-12-04T22:50:00.000000Z,33.90982368772308,494242.4194590573
2023-12-04T22:55:00.000000Z,28.865087889159863,519234.9071437391
2023-12-04T23:00:00.000000Z,29.717535135599157,523447.4335598717
2023-12-04T23:05:00.000000Z,33.75736042321945,502102.4893082499
2023-12-04T23:10:00.000000Z,30.61831115902393,485549.5110269541
2023-12-04T23:15:00.000000Z,27.63611214262341,486009.9899084389
2023-12-04T23:20:00.000000Z,27.012647171796715,482508.0450735
2023-12-04T23:25:00.000000Z,33.57625842052891,480704.092697724
2023-12-04T23:30:00.000000Z,40.0076988039441,520353.47491129447
2023-12-04T23:35:00.000000Z,36.11742727178663,508472.3280783475
2023-12-04T23:40:00.000000Z,33.356705474762244,491144.6080414624
2023-12-04T23:45:00.000000Z,37.50837004182646,484879.65832135145
2023-12-04T23:50:00.000000Z,35.45758601258026,507858.451841538
2023-12-04T23:55:00.000000Z,21.71614385233778,500690.749548611
2023-12-05T00:00:00.000000Z,37.54503591432741,493023.3861677132
2023-12-05T00:05:00.000000Z,28.00356514123984,510301.56394816
2023-12-05T00:10:00.000000Z,27.414191182897586,503325.9410480438
2023-12-05T00:15:00.000000Z,30.72993186828432,510801.586184542
2023-12-05T00:20:00.000000Z,31.02177236852217,495073.59236311226
2023-12-05T00:25:00.000000Z,33.11790260473432,498136.8937000634
2023-12-05T00:30:00.000000Z,27.293233149350648,489029.6211061244
2023-12-05T00:35:00.000000Z,29.80082105088183,502207.3009173175
2023-12-05T00:40:00.000000Z,23.95703300723173,474584.7185455743
2023-12-05T00:45:00.000000Z,34.462834884100324,518527.7870875611
2023-12-05T00:50:00.000000Z,34.60343546202564,493385.80910917657
2023-12-05T00:55:00.000000Z,30.70790753180052,528279.9559636366
2023-12-05T01:00:00.000000Z,29.2300319567735,495143.5937231944
2023-12-05T01:05:00.000000Z,23.89968811860536,486364.3566483104
2023-12-05T01:10:00.000000Z,24.670383705739265,498565.6441051248
2023-12-05T01:15:00.000000Z,29.89134588459104,498055.3428097283
2023-12-05T01:20:00.000000Z,24.043585234510108,473756.8212738553
2023-12-05T01:25:00.000000Z,31.79588217906907,496480.9787260182
2023-12-05T01:30:00.000000Z,30.690832744746466,501827.551266661
2023-12-05T01:35:00.000000Z,27.70464397995743,472618.8920339888
2023-12-05T01:40:00.000000Z,28.84456492045329,505438.6784233029
2023-12-05T01:45:00.000000Z,33.27741955575165,499750.0724566033
2023-12-05T01:50:00.000000Z,28.34445813819036,508447.4299452414
2023-12-05T01:55:00.000000Z,34.42812258878378,488265.39316603146
2023-12-05T02:00:00.000000Z,23.28400876686861,636571.9021721081
2023-12-05T02:05:00.000000Z,21.478161271508093,527764.7183269946
2023-12-05T02:10:00.000000Z,24.91336360682868,503510.1347022085
2023-12-05T02:15:00.000000Z,28.48712885392557,544673.3042767041
2023-12-05T02:20:00.000000Z,28.291416344369537,500964.7396297515
2023-12-05T02:25:00.000000Z,30.567026323063416,537485.1608911684
2023-12-05T02:30:00.000000Z,31.871165891936457,502247.5403674437
2023-12-05T02:35:00.000000Z,27.72151596013973,514705.9968389463
2023-12-05T02:40:00.000000Z,36.25232355205266,490607.9532208375
2023-12-05T02:45:00.000000Z,26.67331568974147,527850.4206426865
2023-12-05T02:50:00.000000Z,35.41208111252258,486471.2445696901
2023-12-05T02:55:00.000000Z,33.23981715429938,487552.9716219403
2023-12-05T03:00:00.000000Z,33.6174546804034,485279.3723612721
2023-12-05T03:05:00.000000Z,34.122690163706665,518257.8850586953
2023-12-05T03:10:00.000000Z,33.05013010052538,472789.7851505085
2023-12-05T03:15:00.000000Z,30.990932026506197,485809.2318464264
2023-12-05T03:20:00.000000Z,36.84988967330917,478795.01263079885
2023-12-05T03:25:00.000000Z,27.96379704010754,511388.4754422812
2023-12-05T03:30:00.000000Z,28.57046725853683,518111.317312892
2023-12-05T03:35:00.000000Z,22.704529965687183,492974.30048239406
2023-12-05T03:40:00.000000Z,30.680693499325116,483426.62345837103
2023-12-05T03:45:00.000000Z,32.02349327990675,526274.0830419085
2023-12-05T03:50:00.000000Z,28.980241782748557,494784.79382721166
2023-12-05T03:55:00.000000Z,32.689926692287614,487130.73192250857
2023-12-05T04:00:00.000000Z,32.778669228351404,505616.6908048208
2023-12-05T04:05:00.000000Z,28.97782713522763,498825.13668767095
2023-12-05T04:10:00.000000Z,27.4990486132133,487588.94441551337
2023-12-05T04:15:00.000000Z,26.00394825724576,508324.8666677297
2023-12-05T04:20:00.000000Z,31.335581230352677,499047.47639198176
2023-12-05T04:25:00.000000Z,28.28637283533036,494835.1398706808
2023-12-05T04:30:00.000000Z,33.009701774711,484571.5543262832
2023-12-05T04:35:00.000000Z,27.582385485114017,506163.3721368215
2023-12-05T04:40:00.000000Z,32.124420506055586,504775.705802893
2023-12-05T04:45:00.000000Z,27.45695545832105,494068.0995148374
2023-12-05T04:50:00.000000Z,22.55992059799903,508100.76003822056
2023-12-05T04:55:00.000000Z,32.50812257542263,482731.46808522806
2023-12-05T05:00:00.000000Z,50.899492410982205,488355.14506031416
2023-12-05T05:05:00.000000Z,32.82028949021849,482740.4517498324
2023-12-05T05:10:00.000000Z,33.47983726439734,492644.106771743
2023-12-05T05:15:00.000000Z,33.518384655340874,525952.975763437
2023-12-05T05:20:00.000000Z,27.77460778549782,479894.3438908373
2023-12-05T05:25:00.000000Z,27.03849187969119,516708.59277552826
2023-12-05T05:30:00.000000Z,31.04105983090426,486831.1523604773
2023-12-05T05:35:00.000000Z,26.12472496605177,494336.7323386744
2023-12-05T05:40:00.000000Z,27.419642220972595,486319.87789559446
2023-12-05T05:45:00.000000Z,33.05885235976887,495574.7259351855
2023-12-05T05:50:00.000000Z,28.13741487386224,497521.3670181796
2023-12-05T05:55:00.000000Z,29.667142177944974,521488.1672229567
2023-12-05T06:00:00.000000Z,28.090229376255724,531048.3524180057
2023-12-05T06:05:00.000000Z,28.23053652783977,505857.4932350117
2023-12-05T06:10:00.000000Z,25.47683685725397,488165.3546338222
2023-12-05T06:15:00.000000Z,31.08400457804068,511070.73416969
2023-12-05T06:20:00.000000Z,35.98885458643366,621339.3600676855
2023-12-05T06:25:00.000000Z,38.16918011791441,633733.4450561001
2023-12-05T06:30:00.000000Z,35.58586481382346,609327.0982868894
2023-12-05T06:35:00.000000Z,33.1929044918776,652747.0788055595
2023-12-05T06:40:00.000000Z,31.297161751920896,616212.9873878493
2023-12-05T06:45:00.000000Z,36.73385642973697,633511.7151481371
2023-12-05T06:50:00.000000Z,42.14898106853532,619694.6833567902
2023-12-05T06:55:00.000000Z,44.50613385477335,618566.3311790344
2023-12-05T07:00:00.000000Z,34.19226845743972,653758.7155630207
2023-12-05T07:05:00.000000Z,38.53410040309316,606522.7676980483
2023-12-05T07:10:00.000000Z,39.42542906720898,645149.9575603787
2023-12-05T07:15:00.000000Z,38.528628287242405,647070.1885870879
2023-12-05T07:20:00.000000Z,38.95503357142054,637187.7750003876
2023-12-05T07:25:00.000000Z,36.03546532397224,633495.805490393
2023-12-05T07:30:00.000000Z,28.309986181638276,621680.3195072578
2023-12-05T07:35:00.000000Z,34.66872784934303,613752.3243817191
2023-12-05T07:40:00.000000Z,38.59100319431111,657854.6486061752
2023-12-05T07:45:00.000000Z,38.94958426025276,649880.9976099468
2023-12-05T07:50:00.000000Z,36.83143059709216,625222.5725968863
2023-12-05T07:55:00.000000Z,37.93506187962029,634620.6690616807
2023-12-05T08:00:00.000000Z,28.62137007527505,638491.2194486487
2023-12-05T08:05:00.000000Z,35.08969004150031,647639.5718120947
2023-12-05T08:10:00.000000Z,38.92933019100559,655572.2236508083
2023-12-05T08:15:00.000000Z,36.68402857392196,652396.5145168318
2023-12-05T08:20:00.000000Z,34.30869653026634,678758.1241885042
2023-12-05T08:25:00.000000Z,35.5117931479145,633848.9372033675
2023-12-05T08:30:00.000000Z,30.67904651513228,647036.7626229068
2023-12-05T08:35:00.000000Z,35.08743397587769,652414.5726258513
2023-12-05T08:40:00.000000Z,37.89283245766484,645760.8065735917
2023-12-05T08:45:00.000000Z,27.426240483939416,640929.0928135088
2023-12-05T08:50:00.000000Z,40.96481593213235,643452.8576217382
2023-12-05T08:55:00.000000Z,33.8053619486562,624155.2978799279
2023-12-05T09:00:00.000000Z,34.14842304039853,635364.0986269179
2023-12-05T09:05:00.000000Z,42.61748074245895,624765.577435501
2023-12-05T09:10:00.000000Z,36.06795842421796,606713.7356428794
2023-12-05T09:15:00.000000Z,37.97165158266553,635422.5405634363
2023-12-05T09:20:00.000000Z,32.10009676774714,638210.9186768885
2023-12-05T09:25:00.000000Z,39.23466158044696,665562.9286005661
2023-12-05T09:30:00.000000Z,37.95725021358944,638506.2778171889
2023-12-05T09:35:00.000000Z,39.138680510393904,636930.4931883996
2023-12-05T09:40:00.000000Z,37.0211157341646,666626.0026406687
2023-12-05T09:45:00.000000Z,30.75319600497789,626584.8616537339
2023-12-05T09:50:00.000000Z,40.71248188321904,643749.9370735738
2023-12-05T09:55:00.000000Z,36.7909633926788,653892.108180984
2023-12-05T10:00:00.000000Z,37.21359957090694,647786.0604377183
2023-12-05T10:05:00.000000Z,38.14998117328138,615015.5747861722
2023-12-05T10:10:00.000000Z,39.4436460995924,659936.8465769296
2023-12-05T10:15:00.000000Z,34.78845385298871,627903.2275110143
2023-12-05T10:20:00.000000Z,33.080558388097764,631022.0754221074
2023-12-05T10:25:00.000000Z,36.22066816917224,648971.2126345576
2023-12-05T10:30:00.000000Z,44.04454491738471,616077.7678596001
2023-12-05T10:35:00.000000Z,35.11238795604196,628098.3110134846
2023-12-05T10:40:00.000000Z,31.797282250782644,612462.3784159792
2023-12-05T10:45:00.000000Z,40.651400531548525,637917.435878514
2023-12-05T10:50:00.000000Z,30.8366029786538,641242.3301132857
2023-12-05T10:55:00.000000Z,36.43489079753889,654421.0837250745
2023-12-05T11:00:00.000000Z,33.34004998897151,652046.9220717082
2023-12-05T11:05:00.000000Z,36.45148389603629,650474.5438289117
2023-12-05T11:10:00.000000Z,33.6564661154772,650475.3453110028
2023-12-05T11:15:00.000000Z,35.04486677975117,647600.0723940948
2023-12-05T11:20:00.000000Z,38.19315671269568,639901.5000096458
2023-12-05T11:25:00.000000Z,33.22818573742736,620429.9282827623
2023-12-05T11:30:00.000000Z,29.79584116527316,631137.887254681
2023-12-05T11:35:00.000000Z,41.30394325338993,614414.253687049
2023-12-05T11:40:00.000000Z,35.1421299103564,637698.4986641192
2023-12-05T11:45:00.000000Z,27.366088684505183,659538.7164794749
2023-12-05T11:50:00.000000Z,37.39937486858904,627915.6518273506
2023-12-05T11:55:00.000000Z,38.780510200158034,615623.3027187851
2023-12-05T12:00:00.000000Z,36.86395722207477,637173.0529340269
2023-12-05T12:05:00.000000Z,45.31794842110486,650959.7879899691
2023-12-05T12:10:00.000000Z,35.13241336997573,652960.707758173
2023-12-05T12:15:00.000000Z,34.205671968275205,632901.559867568
2023-12-05T12:20:00.000000Z,33.4833334722689,639891.989527423
2023-12-05T12:25:00.000000Z,35.03266065345968,624529.7828285185
2023-12-05T12:30:00.000000Z,33.17623300945327,630968.4280981537
2023-12-05T12:35:00.000000Z,39.381111357046805,645314.2978471084
2023-12-05T12:40:00.000000Z,34.88847001508696,647600.9356265718
2023-12-05T12:45:00.000000Z,34.95395680402021,626980.5735501654
2023-12-05T12:50:00.000000Z,36.3050508391529,628012.153280386
2023-12-05T12:55:00.000000Z,34.33198612672124,630387.4758245739
2023-12-05T13:00:00.000000Z,39.67182174916689,610203.3614871165
2023-12-05T13:05:00.000000Z,38.11919888564143,622043.9762916898
2023-12-05T13:10:00.000000Z,26.03841452207469,643773.2938954011
2023-12-05T13:15:00.000000Z,35.35987134838328,633045.7145140711
2023-12-05T13:20:00.000000Z,30.74079749512064,641806.1247819546
2023-12-05T13:25:00.000000Z,34.35083911565713,632829.6585189801
2023-12-05T13:30:00.000000Z,38.65503900131893,741648.8760313585
2023-12-05T13:35:00.000000Z,39.26399295968499,645450.0952303403
2023-12-05T13:40:00.000000Z,35.61355396448558,638520.030034125
2023-12-05T13:45:00.000000Z,29.839334336146912,625095.3173783736
2023-12-05T13:50:00.000000Z,34.26679839426513,642769.6913917979
2023-12-05T13:55:00.000000Z,33.45906832347455,647912.4092540807
2023-12-05T14:00:00.000000Z,29.579163713995424,631010.6204470788
2023-12-05T14:05:00.000000Z,78.62435517995797,633202.2410141662
2023-12-05T14:10:00.000000Z,42.68557818664728,635958.6147735124
2023-12-05T14:15:00.000000Z,41.64194196926418,641555.3582790727
2023-12-05T14:20:00.000000Z,38.47495570182191,637152.1807922333
2023-12-05T14:25:00.000000Z,34.78705397383814,635787.5184964332
2023-12-05T14:30:00.000000Z,32.10799630908245,631777.7046815619
2023-12-05T14:35:00.000000Z,31.06812937945842,659879.7842870705
2023-12-05T14:40:00.000000Z,35.50430126654611,622711.0362799388
2023-12-05T14:45:00.000000Z,29.80584587005153,631406.4645391104
2023-12-05T14:50:00.000000Z,30.4077903043486,650253.7061744871
2023-12-05T14:55:00.000000Z,28.164671341614863,655532.5065870247
2023-12-05T15:00:00.000000Z,25.192092817203918,624380.2760868917
2023-12-05T15:05:00.000000Z,27.869736773631928,671831.777515901
2023-12-05T15:10:00.000000Z,32.4291675811315,629467.5070948004
2023-12-05T15:15:00.000000Z,31.57427286831431,598341.509921624
2023-12-05T15:20:00.000000Z,31.24749555815781,646592.924659417
2023-12-05T15:25:00.000000Z,28.13227852174688,646693.5226324517
2023-12-05T15:30:00.000000Z,28.29741436434708,658353.0350524567
2023-12-05T15:35:00.000000Z,26.11747291421452,778247.5352797714
2023-12-05T15:40:00.000000Z,27.809513975133054,645399.3026951131
2023-12-05T15:45:00.000000Z,27.756779501735394,629408.30613195
2023-12-05T15:50:00.000000Z,33.86652183218644,654613.4674626226
2023-12-05T15:55:00.000000Z,30.157308644440374,626196.665624704
2023-12-05T16:00:00.000000Z,25.799208551842128,656865.6272645006
2023-12-05T16:05:00.000000Z,21.49146842136036,613204.3659327893
2023-12-05T16:10:00.000000Z,29.127601768249093,683894.9522465157
2023-12-05T16:15:00.000000Z,28.27984243081793,651920.8241386621
2023-12-05T16:20:00.000000Z,30.312206381652324,660320.8973392581
2023-12-05T16:25:00.000000Z,29.72857377419268,651724.8846505824
2023-12-05T16:30:00.000000Z,31.236882397230676,652590.0448338668
2023-12-05T16:35:00.000000Z,23.917316676626957,625505.860162243
2023-12-05T16:40:00.000000Z,32.08849157517103,660125.0429972983
2023-12-05T16:45:00.000000Z,25.875489440711565,642710.6093455175
2023-12-05T16:50:00.000000Z,28.18337727892869,628685.2686506904
2023-12-05T16:55:00.000000Z,24.50204672733762,649999.6284177662
2023-12-05T17:00:00.000000Z,31.085431123466527,641980.8649851937
2023-12-05T17:05:00.000000Z,25.768693863317026,661737.7031480196
2023-12-05T17:10:00.000000Z,31.666859675362264,640550.1061827248
2023-12-05T17:15:00.000000Z,28.66396906371572,635998.6829228572
2023-12-05T17:20:00.000000Z,29.02518684118083,666689.2642653727
2023-12-05T17:25:00.000000Z,19.17376874983875,659046.4519446747
2023-12-05T17:30:00.000000Z,33.91620843153672,638813.244577692
2023-12-05T17:35:00.000000Z,30.78550888891498,639612.5784208097
2023-12-05T17:40:00.000000Z,29.416441775681587,653540.6144246046
2023-12-05T17:45:00.000000Z,28.488365803232256,659589.8506116488
2023-12-05T17:50:00.000000Z,23.688597167005177,653917.8621015314
2023-12-05T17:55:00.000000Z,27.02864283461125,643729.608046527
2023-12-05T18:00:00.000000Z,29.941055600956087,667824.2381973197
2023-12-05T18:05:00.000000Z,31.031282245262386,609329.1110936143
2023-12-05T18:10:00.000000Z,28.833033283659056,643282.7705803687
2023-12-05T18:15:00.000000Z,52.40471845260368,629070.9495202653
2023-12-05T18:20:00.000000Z,28.92546466612949,655084.355753914
2023-12-05T18:25:00.000000Z,30.957196280251942,620020.9386417072
2023-12-05T18:30:00.000000Z,26.687308357391323,638982.3751797981
2023-12-05T18:35:00.000000Z,29.933468058497333,637349.0608149715
2023-12-05T18:40:00.000000Z,26.035239579044045,656527.1732351832
2023-12-05T18:45:00.000000Z,23.750852711972968,656487.8072521851
2023-12-05T18:50:00.000000Z,27.36710768535765,657035.2372401356
2023-12-05T18:55:00.000000Z,29.68120019912609,661237.9300169863
2023-12-05T19:00:00.000000Z,39.48385936168256,664595.8440720355
2023-12-05T19:05:00.000000Z,27.60612248996698,643605.8532408096
2023-12-05T19:10:00.000000Z,27.39565644592912,625405.018520826
2023-12-05T19:15:00.000000Z,31.816199244250125,641159.4015001323
2023-12-05T19:20:00.000000Z,26.74154279105533,663046.3521677975
2023-12-05T19:25:00.000000Z,28.047767669835,614874.442806657
2023-12-05T19:30:00.000000Z,32.04169248856833,668292.9569436162
2023-12-05T19:35:00.000000Z,29.859684403972096,644633.4826436716
2023-12-05T19:40:00.000000Z,29.71193380473308,665627.3220953216
2023-12-05T19:45:00.000000Z,22.659340492727846,620012.0927860711
2023-12-05T19:50:00.000000Z,21.28268735034772,645382.7194700477
2023-12-05T19:55:00.000000Z,31.92529662967524,648992.0751292873
2023-12-05T20:00:00.000000Z,22.526396299895204,614055.3471447096
2023-12-05T20:05:00.000000Z,26.911818501397992,642854.1451279756
2023-12-05T20:10:00.000000Z,21.81245834328432,646532.823839205
2023-12-05T20:15:00.000000Z,19.93443034318786,641643.7463590984
2023-12-05T20:20:00.000000Z,31.612191979984416,652990.2721526636
2023-12-05T20:25:00.000000Z,24.46763442669647,645449.3659331502
2023-12-05T20:30:00.000000Z,26.196485636294305,641051.3446339874
2023-12-05T20:35:00.000000Z,31.058562550850223,649559.509228228
2023-12-05T20:40:00.000000Z,28.996193459382816,645205.026039794
2023-12-05T20:45:00.000000Z,28.83246166533066,637166.5246641053
2023-12-05T20:50:00.000000Z,26.58508921405096,643336.9396366657
2023-12-05T20:55:00.000000Z,33.11478973795485,628148.7833125798
2023-12-05T21:00:00.000000Z,30.465716542205108,623541.3699577099
2023-12-05T21:05:00.000000Z,27.307158097842105,629669.070560932
2023-12-05T21:10:00.000000Z,30.9299401781448,643966.9513316328
2023-12-05T21:15:00.000000Z,28.669865766149925,648147.4776095339
2023-12-05T21:20:00.000000Z,39.92759828658793,641988.291686607
2023-12-05T21:25:00.000000Z,27.398547914263887,650552.085520596
2023-12-05T21:30:00.000000Z,29.779288847385253,611534.2996444231
2023-12-05T21:35:00.000000Z,36.17495065588164,665467.612553985
2023-12-05T21:40:00.000000Z,30.570018773948053,622124.2015219458
2023-12-05T21:45:00.000000Z,26.733760864669694,662041.1471907102
2023-12-05T21:50:00.000000Z,30.23721270496049,667972.6333701931
2023-12-05T21:55:00.000000Z,25.45523369645856,661834.9314195664
2023-12-05T22:00:00.000000Z,33.22402617509204,634033.6479969495
2023-12-05T22:05:00.000000Z,22.197289848479045,644420.859612433
2023-12-05T22:10:00.000000Z,23.31460528744832,632500.3636479374
2023-12-05T22:15:00.000000Z,33.592132316057814,618668.2485062869
2023-12-05T22:20:00.000000Z,29.38880444368592,621147.6274326586
2023-12-05T22:25:00.000000Z,24.52475240450999,634650.5283721425
2023-12-05T22:30:00.000000Z,24.114258341541092,643195.0708729468
2023-12-05T22:35:00.000000Z,25.528222159794726,647286.3431381667
2023-12-05T22:40:00.000000Z,23.85373332504037,650188.3044507391
2023-12-05T22:45:00.000000Z,25.88742822862144,670605.1177332747
2023-12-05T22:50:00.000000Z,29.47494529972677,655963.4196530166
2023-12-05T22:55:00.000000Z,26.211687368957445,641693.9738147648
2023-12-05T23:00:00.000000Z,22.46726425206788,527023.5718616818
2023-12-05T23:05:00.000000Z,24.123777944787197,523987.9807293878
2023-12-05T23:10:00.000000Z,21.59911241534372,522613.0655681028
2023-12-05T23:15:00.000000Z,24.57873354899715,552105.8934004399
2023-12-05T23:20:00.000000Z,20.19410802641153,526382.1757498486
2023-12-05T23:25:00.000000Z,24.380128858742168,518373.38519881695
2023-12-05T23:30:00.000000Z,27.25473397173865,497694.2738108577
2023-12-05T23:35:00.000000Z,27.370402610155523,493965.320124805
2023-12-05T23:40:00.000000Z,22.551902905778277,530681.1635849003
2023-12-05T23:45:00.000000Z,21.71526013299979,504862.3754973745
2023-12-05T23:50:00.000000Z,20.31294802762661,543987.4037428091
2023-12-05T23:55:00.000000Z,16.58976175866436,516495.74122569605
2023-12-06T00:00:00.000000Z,21.278767211851747,517621.69588806026
2023-12-06T00:05:00.000000Z,26.58910504964872,521109.4448151166
2023-12-06T00:10:00.000000Z,20.747463348944454,506396.88011996425
2023-12-06T00:15:00.000000Z,22.901578205650893,509556.48434700776
2023-12-06T00:20:00.000000Z,22.760186746781304,520181.3646201085
2023-12-06T00:25:00.000000Z,28.991761507906336,541160.0114210993
2023-12-06T00:30:00.000000Z,21.76193470865952,518274.98931528855
2023-12-06T00:35:00.000000Z,22.634713956436435,515519.767444388
2023-12-06T00:40:00.000000Z,21.522044872779663,513996.0590852386
2023-12-06T00:45:00.000000Z,26.978517918431027,509061.7024232846
2023-12-06T00:50:00.000000Z,27.35089681670304,527990.1198932064
2023-12-06T00:55:00.000000Z,18.57103536025678,546810.101969214
2023-12-06T01:00:00.000000Z,23.54363689317709,516950.02164229454
2023-12-06T01:05:00.000000Z,22.872006271102,515340.7128456537
2023-12-06T01:10:00.000000Z,19.48931082351198,513545.4653922271
2023-12-06T01:15:00.000000Z,19.992945955288526,527681.7541126567
2023-12-06T01:20:00.000000Z,27.28787521843476,500693.4411881892
2023-12-06T01:25:00.000000Z,21.22503952767794,527265.7451061212
2023-12-06T01:30:00.000000Z,30.231281969963945,521158.8048036688
2023-12-06T01:35:00.000000Z,15.454207697047249,518187.898692304
2023-12-06T01:40:00.000000Z,25.61266324647848,503387.3001624459
2023-12-06T01:45:00.000000Z,27.04101965851604,505300.8205173351
2023-12-06T01:50:00.000000Z,42.57292493009359,520123.56936159567
2023-12-06T01:55:00.000000Z,30.272625636485085,526754.1095787485
2023-12-06T02:00:00.000000Z,25.76629909661441,521797.02863880567
2023-12-06T02:05:00.000000Z,23.087440358582395,504119.8070140754
2023-12-06T02:10:00.000000Z,22.953955107246248,504142.5350658932
2023-12-06T02:15:00.000000Z,22.952313520744035,509570.7277820735
2023-12-06T02:20:00.000000Z,24.775396731292684,512452.7923925598
2023-12-06T02:25:00.000000Z,30.676205391094065,541759.2949641315
2023-12-06T02:30:00.000000Z,20.109395621798505,521190.70063473366
2023-12-06T02:35:00.000000Z,29.173172385461328,519396.6896108284
2023-12-06T02:40:00.000000Z,28.79686380062745,504885.1360249981
2023-12-06T02:45:00.000000Z,24.55116416520364,523111.32052445365
2023-12-06T02:50:00.000000Z,24.802801069396715,650788.9883415849
2023-12-06T02:55:00.000000Z,30.369705225200168,524741.3485334949
2023-12-06T03:00:00.000000Z,28.01520564276461,501034.9658168389
2023-12-06T03:05:00.000000Z,25.94946506733601,530451.2536338152
2023-12-06T03:10:00.000000Z,23.46613458603677,516267.1056582527
2023-12-06T03:15:00.000000Z,26.92930060767962,505962.824911983
2023-12-06T03:20:00.000000Z,29.08145845816663,526703.1799986599
2023-12-06T03:25:00.000000Z,24.534935035409596,502497.8602634038
2023-12-06T03:30:00.000000Z,26.738342193263488,507668.9806931438
2023-12-06T03:35:00.000000Z,22.741303177028385,524599.3163988099
2023-12-06T03:40:00.000000Z,23.53755111869553,499845.44383043615
2023-12-06T03:45:00.000000Z,28.696833778665003,510077.3766428318
2023-12-06T03:50:00.000000Z,24.009972674196845,498008.7619150083
2023-12-06T03:55:00.000000Z,25.03905883201079,513848.74108652485
2023-12-06T04:00:00.000000Z,23.53775191519162,508297.3230403402
2023-12-06T04:05:00.000000Z,25.456457887767773,522427.7740562541
2023-12-06T04:10:00.000000Z,30.840160755293457,515442.5317454855
2023-12-06T04:15:00.000000Z,22.103570227808515,500029.3726899105
2023-12-06T04:20:00.000000Z,24.21230398492876,532519.6038915338
2023-12-06T04:25:00.000000Z,15.081182057341024,503655.6004311282
2023-12-06T04:30:00.000000Z,27.14538680020011,516001.1561261168
2023-12-06T04:35:00.000000Z,30.56014667177421,463529.2831229036
2023-12-06T04:40:00.000000Z,28.03443555311305,508859.013547382
2023-12-06T04:45:00.000000Z,16.553018759866244,533804.0949312386
2023-12-06T04:50:00.000000Z,30.28207430938318,529324.4099552889
2023-12-06T04:55:00.000000Z,27.308247794363965,516153.7228752446
2023-12-06T05:00:00.000000Z,28.27028426409665,521995.0839945988
2023-12-06T05:05:00.000000Z,21.484561544118574,510896.1196212088
2023-12-06T05:10:00.000000Z,20.08418142487079,493076.64224792685
2023-12-06T05:15:00.000000Z,24.70422612371056,507506.8333610634
2023-12-06T05:20:00.000000Z,24.57696990356584,524425.306435109
2023-12-06T05:25:00.000000Z,26.005701993258743,504096.7547162554
2023-12-06T05:30:00.000000Z,31.894453351848878,497341.4052291146
2023-12-06T05:35:00.000000Z,26.70240567483855,504696.41555854137
2023-12-06T05:40:00.000000Z,24.322596072793186,522410.8770452856
2023-12-06T05:45:00.000000Z,21.57698440359559,528174.5761538185
2023-12-06T05:50:00.000000Z,25.988019026870703,510211.4144222155
2023-12-06T05:55:00.000000Z,20.983187123700496,510886.3848736567
2023-12-06T06:00:00.000000Z,22.45550403884977,516911.26058712753
2023-12-06T06:05:00.000000Z,27.587855366582453,515052.9675609131
2023-12-06T06:10:00.000000Z,25.141711218098035,546920.4531417795
2023-12-06T06:15:00.000000Z,22.82836603825988,479566.2694020034
2023-12-06T06:20:00.000000Z,26.62821138320559,525896.621995724
2023-12-06T06:25:00.000000Z,22.84486820735533,528839.9625311223
2023-12-06T06:30:00.000000Z,24.259177747537976,510329.4447939777
2023-12-06T06:35:00.000000Z,29.54542558572684,523999.4644484278
2023-12-06T06:40:00.000000Z,30.656841490849548,508624.6891106057
2023-12-06T06:45:00.000000Z,18.15872414313548,498573.2170492119
2023-12-06T06:50:00.000000Z,27.709133310466417,527058.825678038
2023-12-06T06:55:00.000000Z,16.183989888728775,514223.8461613997
2023-12-06T07:00:00.000000Z,27.088535665030257,509900.65011849074
2023-12-06T07:05:00.000000Z,25.118405226618773,488666.81375152734
2023-12-06T07:10:00.000000Z,26.575582545555697,518782.6767048516
2023-12-06T07:15:00.000000Z,23.47368501605186,514066.8415931084
2023-12-06T07:20:00.000000Z,35.10246803908934,608101.9637640829
2023-12-06T07:25:00.000000Z,31.29835540947597,649358.6063319263
2023-12-06T07:30:00.000000Z,30.196156887232245,605073.7021980871
2023-12-06T07:35:00.000000Z,30.744684591102377,608212.9752570133
2023-12-06T07:40:00.000000Z,31.09998896520368,620770.2490875614
2023-12-06T07:45:00.000000Z,28.922718843573413,619345.2733423291
2023-12-06T07:50:00.000000Z,23.04927129738041,627817.5252195974
2023-12-06T07:55:00.000000Z,27.953511299439302,616042.9006764633
2023-12-06T08:00:00.000000Z,40.85843146171113,591121.741235687
2023-12-06T08:05:00.000000Z,32.49057814154774,609705.2637952181
2023-12-06T08:10:00.000000Z,24.40759128552725,607301.6438301305
2023-12-06T08:15:00.000000Z,28.32092602862413,647593.0923395047
2023-12-06T08:20:00.000000Z,30.375064996482656,626743.0038848165
2023-12-06T08:25:00.000000Z,35.62348972284284,618696.3317435082
2023-12-06T08:30:00.000000Z,29.152013832350857,615143.238237688
2023-12-06T08:35:00.000000Z,28.723174800826172,628642.1202416107
2023-12-06T08:40:00.000000Z,32.723090033962734,606103.7077162286
2023-12-06T08:45:00.000000Z,29.750110881318903,651044.2375426948
2023-12-06T08:50:00.000000Z,30.791968544094622,630442.5238722584
2023-12-06T08:55:00.000000Z,25.230344652613294,606417.6931864157
2023-12-06T09:00:00.000000Z,24.780805853043844,604572.191255233
2023-12-06T09:05:00.000000Z,30.671703309310335,629574.5047009826
2023-12-06T09:10:00.000000Z,30.05111294179144,613261.7353562529
2023-12-06T09:15:00.000000Z,25.778727049191247,616455.9114875599
2023-12-06T09:20:00.000000Z,27.12205618235689,661060.4419252877
2023-12-06T09:25:00.000000Z,24.32923846556245,623975.1429586126
2023-12-06T09:30:00.000000Z,27.520894466565665,623081.110137216
2023-12-06T09:35:00.000000Z,29.474467897842764,639496.9045454189
2023-12-06T09:40:00.000000Z,21.335112606198106,602398.2435010368
2023-12-06T09:45:00.000000Z,27.405263630604704,632019.7014052656
2023-12-06T09:50:00.000000Z,29.037979269432093,615181.4299665275
2023-12-06T09:55:00.000000Z,34.580394871703604,616945.7733965453
2023-12-06T10:00:00.000000Z,29.00525196298478,612386.9101901328
2023-12-06T10:05:00.000000Z,33.25636094943944,621077.5743328126
2023-12-06T10:10:00.000000Z,23.734663711816744,622260.036710552
2023-12-06T10:15:00.000000Z,31.720363578974112,626302.252204239
2023-12-06T10:20:00.000000Z,27.9107009590555,602877.3327221869
2023-12-06T10:25:00.000000Z,28.629505554041824,620282.3129832
2023-12-06T10:30:00.000000Z,28.351883310260305,626840.8224783512
2023-12-06T10:35:00.000000Z,29.790396589043908,640824.4494614915
2023-12-06T10:40:00.000000Z,32.45021933208484,613167.4090574547
2023-12-06T10:45:00.000000Z,36.12056074559158,623106.3393161842
2023-12-06T10:50:00.000000Z,22.097790134761706,626050.8254778311
2023-12-06T10:55:00.000000Z,31.038981317507925,619130.9330831943
2023-12-06T11:00:00.000000Z,27.7623011976307,620240.8909760513
2023-12-06T11:05:00.000000Z,30.364430086931915,624909.294502214
2023-12-06T11:10:00.000000Z,31.56974545065573,596461.0358818031
2023-12-06T11:15:00.000000Z,33.64215776481591,615145.1798867404
2023-12-06T11:20:00.000000Z,28.84425148387833,631231.1264794319
2023-12-06T11:25:00.000000Z,26.815324732842942,613755.9688755758
2023-12-06T11:30:00.000000Z,25.448375648322376,620768.2288030778
2023-12-06T11:35:00.000000Z,30.26928432444455,712276.0681433185
2023-12-06T11:40:00.000000Z,30.10505361833804,618502.7228581328
2023-12-06T11:45:00.000000Z,30.06271214682845,641120.6902043208
2023-12-06T11:50:00.000000Z,27.02894927605309,600539.0462659883
2023-12-06T11:55:00.000000Z,33.30140527224695,633395.228346692
2023-12-06T12:00:00.000000Z,34.11293021814824,609365.5487724238
2023-12-06T12:05:00.000000Z,26.91747286211651,618938.1693496237
2023-12-06T12:10:00.000000Z,38.45522608206379,590819.0687775539
2023-12-06T12:15:00.000000Z,29.98157489861724,610634.1046644214
2023-12-06T12:20:00.000000Z,25.41520194824792,636699.4472286298
2023-12-06T12:25:00.000000Z,22.881348664206865,626659.1814362454
2023-12-06T12:30:00.000000Z,32.105611222206264,621230.5330003636
2023-12-06T12:35:00.000000Z,33.72381393982593,613619.956985093
2023-12-06T12:40:00.000000Z,25.92463634146252,618366.797561434
2023-12-06T12:45:00.000000Z,34.996248147849975,631840.9994147023
2023-12-06T12:50:00.000000Z,26.912305515642952,640451.3856997251
2023-12-06T12:55:00.000000Z,29.044545192915084,631736.0584357211
2023-12-06T13:00:00.000000Z,27.415831416442423,634952.2875187028
2023-12-06T13:05:00.000000Z,32.33570494550518,605282.0756905368
2023-12-06T13:10:00.000000Z,21.447296469751976,621347.4826482278
2023-12-06T13:15:00.000000Z,29.45448572725724,608920.4262431177
2023-12-06T13:20:00.000000Z,28.55417368464008,630786.695060782
2023-12-06T13:25:00.000000Z,32.80027790858932,589283.733212486
2023-12-06T13:30:00.000000Z,19.755002394562204,620674.6296697938
2023-12-06T13:35:00.000000Z,25.96837969317861,624383.5988462728
2023-12-06T13:40:00.000000Z,25.644954323172414,630607.0811484946
2023-12-06T13:45:00.000000Z,25.658707137239062,628161.654581443
2023-12-06T13:50:00.000000Z,20.962349300970995,611599.6341557864
2023-12-06T13:55:00.000000Z,30.280329693089875,640073.2418459267
2023-12-06T14:00:00.000000Z,27.701180025683605,618370.0588138599
2023-12-06T14:05:00.000000Z,28.919436016566326,639924.555752669
2023-12-06T14:10:00.000000Z,30.575555719546283,635332.2098121272
2023-12-06T14:15:00.000000Z,28.78796454635894,614571.2991949057
2023-12-06T14:20:00.000000Z,28.61929524687005,629868.401777184
2023-12-06T14:25:00.000000Z,23.527823503539125,604092.819766586
2023-12-06T14:30:00.000000Z,29.749303868613318,619049.3619153138
2023-12-06T14:35:00.000000Z,26.238100485578943,622250.4349544352
2023-12-06T14:40:00.000000Z,30.037552381700326,633927.8673041554
2023-12-06T14:45:00.000000Z,30.73620339662072,619744.2749576817
2023-12-06T14:50:00.000000Z,25.70774860303241,616428.8053258474
2023-12-06T14:55:00.000000Z,25.24554598549272,620833.4173004838
2023-12-06T15:00:00.000000Z,26.96958698555329,643380.3177090904
2023-12-06T15:05:00.000000Z,25.1643689756977,641351.713946853
2023-12-06T15:10:00.000000Z,28.45198489774555,616905.873359213
2023-12-06T15:15:00.000000Z,35.11461705281944,640044.7841240382
2023-12-06T15:20:00.000000Z,52.233052454425206,621376.0419747811
2023-12-06T15:25:00.000000Z,30.5971278593954,599067.4032725578
2023-12-06T15:30:00.000000Z,28.34560103561616,610566.2640014986
2023-12-06T15:35:00.000000Z,26.32303471802368,614150.1644660855
2023-12-06T15:40:00.000000Z,44.52329334553383,544397.0583420363
2023-12-06T15:45:00.000000Z,36.33126611933408,545904.0652840368
2023-12-06T15:50:00.000000Z,32.16493211705739,534133.6690599557
2023-12-06T15:55:00.000000Z,31.54296049467729,540588.9258996864
2023-12-06T16:00:00.000000Z,36.16436942889539,550864.5649641624
2023-12-06T16:05:00.000000Z,40.1514765747552,573291.6795664962
2023-12-06T16:10:00.000000Z,41.38512726549345,564077.1410462994
2023-12-06T16:15:00.000000Z,43.79986746348686,525995.6917321201
2023-12-06T16:20:00.000000Z,37.04759620430984,538598.6860758485
2023-12-06T16:25:00.000000Z,40.1469007337047,528834.7016815121
2023-12-06T16:30:00.000000Z,34.45069273283638,540064.0011505698
2023-12-06T16:35:00.000000Z,32.16771366344353,538209.7123325511
2023-12-06T16:40:00.000000Z,32.06391710533423,543432.4938297401
2023-12-06T16:45:00.000000Z,34.62807296049063,513128.38368307473
2023-12-06T16:50:00.000000Z,36.00732845820984,562804.8183607302
2023-12-06T16:55:00.000000Z,36.25678266980133,526348.6970556778
2023-12-06T17:00:00.000000Z,40.19250560302463,562897.9214355424
2023-12-06T17:05:00.000000Z,34.57499676964253,555870.5120376431
2023-12-06T17:10:00.000000Z,35.28972341983227,543156.0083066232
2023-12-06T17:15:00.000000Z,29.545589580157724,537815.2056748496
2023-12-06T17:20:00.000000Z,34.453803550080416,539180.8490360039
2023-12-06T17:25:00.000000Z,56.46859745370316,531085.3551153877
2023-12-06T17:30:00.000000Z,27.485603623145717,539842.8947226724
2023-12-06T17:35:00.000000Z,36.45223597752947,535817.5414378027
2023-12-06T17:40:00.000000Z,38.46621752394323,528514.3564548999
2023-12-06T17:45:00.000000Z,37.12427660873661,543473.0407087284
2023-12-06T17:50:00.000000Z,31.541317363350277,530504.7163374022
2023-12-06T17:55:00.000000Z,34.39769446656552,551582.3683328339
2023-12-06T18:00:00.000000Z,29.82784342039509,527555.3234993495
2023-12-06T18:05:00.000000Z,35.66223008584011,534564.8634872662
2023-12-06T18:10:00.000000Z,35.14966640860292,553823.8254437329
2023-12-06T18:15:00.000000Z,35.108814243847696,538929.0020169835
2023-12-06T18:20:00.000000Z,40.74611878252716,567140.3160517693
2023-12-06T18:25:00.000000Z,36.96471778761119,522972.1309220256
2023-12-06T18:30:00.000000Z,37.3221223696689,558260.6238365503
2023-12-06T18:35:00.000000Z,36.15019454815992,569378.2477093723
2023-12-06T18:40:00.000000Z,40.22040640819242,538418.303793829
2023-12-06T18:45:00.000000Z,36.18679395000829,546312.7163842093
2023-12-06T18:50:00.000000Z,38.239435392833165,541910.8698559339
2023-12-06T18:55:00.000000Z,35.54676348802094,545312.811436124
2023-12-06T19:00:00.000000Z,35.670442682834455,557510.930579115
2023-12-06T19:05:00.000000Z,31.808283077009804,544846.5507570318
2023-12-06T19:10:00.000000Z,28.873646276738,542233.4809770598
2023-12-06T19:15:00.000000Z,38.79800240406579,559425.7913578475
2023-12-06T19:20:00.000000Z,30.914011521876237,511067.9134585988
2023-12-06T19:25:00.000000Z,30.235341734133584,556083.2486056084
2023-12-06T19:30:00.000000Z,41.30460664799788,564102.3149865482
2023-12-06T19:35:00.000000Z,44.16885549836418,559167.6037347568
2023-12-06T19:40:00.000000Z,29.831824633885333,558436.4730054223
2023-12-06T19:45:00.000000Z,39.95959314240953,554227.1966894038
2023-12-06T19:50:00.000000Z,37.32955076516668,550428.0219191617
2023-12-06T19:55:00.000000Z,31.34501245796117,532297.2208617361
2023-12-06T20:00:00.000000Z,30.541976326275417,554868.9004162763
2023-12-06T20:05:00.000000Z,35.7045584201702,540010.2231969621
2023-12-06T20:10:00.000000Z,33.412357176837865,528101.0161402816
2023-12-06T20:15:00.000000Z,36.94034969350574,516305.0618828448
2023-12-06T20:20:00.000000Z,34.01134575192112,561703.9177986095
2023-12-06T20:25:00.000000Z,35.05986552546679,529924.4087849152
2023-12-06T20:30:00.000000Z,33.55381826228485,524717.964521865
2023-12-06T20:35:00.000000Z,38.21130412125271,545709.8106047881
2023-12-06T20:40:00.000000Z,42.95242053124376,555641.9178147513
2023-12-06T20:45:00.000000Z,33.66908324463553,525837.5395863426
2023-12-06T20:50:00.000000Z,30.398905469588883,563652.4528438312
2023-12-06T20:55:00.000000Z,33.57214494930396,569145.2200245606
2023-12-06T21:00:00.000000Z,33.11022620031553,519751.4858050576
2023-12-06T21:05:00.000000Z,35.02164259337169,549036.1947948711
2023-12-06T21:10:00.000000Z,35.10187415933768,544526.0199751311
2023-12-06T21:15:00.000000Z,41.22824850343777,555932.3141086414
2023-12-06T21:20:00.000000Z,33.49717327992983,545999.6569053091
2023-12-06T21:25:00.000000Z,30.944146157925665,543383.280155169
2023-12-06T21:30:00.000000Z,32.36267647656445,560967.0367265024
2023-12-06T21:35:00.000000Z,42.12141646656972,553321.5101407965
2023-12-06T21:40:00.000000Z,30.588469687902343,520374.36423775495
2023-12-06T21:45:00.000000Z,37.05945847460844,544811.6882974941
2023-12-06T21:50:00.000000Z,32.17118899808203,546856.4786083176
2023-12-06T21:55:00.000000Z,38.04464772812476,556094.7251247795
2023-12-06T22:00:00.000000Z,44.02039854984222,549576.9018219104
2023-12-06T22:05:00.000000Z,35.77883669460276,550328.9993722622
2023-12-06T22:10:00.000000Z,33.128477891929684,539301.5727099852
2023-12-06T22:15:00.000000Z,38.632864354954464,519633.1715789104
2023-12-06T22:20:00.000000Z,32.156569414823736,537821.8972233462
2023-12-06T22:25:00.000000Z,33.8238003614352,541335.2787067442
2023-12-06T22:30:00.000000Z,32.538310511211506,548539.0936958165
2023-12-06T22:35:00.000000Z,33.84614923253508,555853.3201791778
2023-12-06T22:40:00.000000Z,42.60133928626025,532361.0382216778
2023-12-06T22:45:00.000000Z,35.471318249295095,541066.7436857661
2023-12-06T22:50:00.000000Z,36.0242901904592,559688.7766136702
2023-12-06T22:55:00.000000Z,38.83355616251415,536874.0957694557
2023-12-06T23:00:00.000000Z,31.136971269153044,516781.7192309736
2023-12-06T23:05:00.000000Z,33.067304480968616,554231.3679409601
2023-12-06T23:10:00.000000Z,43.97417831724874,542107.2387509678
2023-12-06T23:15:00.000000Z,38.11264175072258,545740.9713657771
2023-12-06T23:20:00.000000Z,28.314965548876405,549674.5519034863
2023-12-06T23:25:00.000000Z,35.67489408353562,639431.6115462561
2023-12-06T23:30:00.000000Z,35.93738093496825,540957.320062349
2023-12-06T23:35:00.000000Z,34.06444506330997,561316.9802453693
2023-12-06T23:40:00.000000Z,36.92020300516317,559937.1494020663
2023-12-06T23:45:00.000000Z,38.57876869623424,560609.9920194392
2023-12-06T23:50:00.000000Z,36.62214436298221,535314.9664846659
2023-12-06T23:55:00.000000Z,36.17525828864958,546874.1850372378
2023-12-07T00:00:00.000000Z,40.63673316126954,652308.9247231645
2023-12-07T00:05:00.000000Z,32.12938739035885,634251.5838447419
2023-12-07T00:10:00.000000Z,44.82242119217307,662199.7801355439
2023-12-07T00:15:00.000000Z,44.274063410486086,637208.1126019983
2023-12-07T00:20:00.000000Z,38.91915762157159,680666.0571437924
2023-12-07T00:25:00.000000Z,40.45542620437701,638118.4440593618
2023-12-07T00:30:00.000000Z,43.37007837574655,657904.8994067132
2023-12-07T00:35:00.000000Z,41.26110551384013,645867.7479142596
2023-12-07T00:40:00.000000Z,42.65787498036441,664978.5099914984
2023-12-07T00:45:00.000000Z,36.76641555388807,652027.3761709654
2023-12-07T00:50:00.000000Z,36.20087295140823,648932.2554549524
2023-12-07T00:55:00.000000Z,43.319573579732825,634556.1875165529
2023-12-07T01:00:00.000000Z,38.38561208760751,648513.5557631403
2023-12-07T01:05:00.000000Z,37.973631083853824,666717.9495686401
2023-12-07T01:10:00.000000Z,32.96378831254893,652595.819593896
2023-12-07T01:15:00.000000Z,44.60284867984389,654234.8861055777
2023-12-07T01:20:00.000000Z,50.77711174648084,671776.7113349088
2023-12-07T01:25:00.000000Z,41.45992343602487,649919.887434674
2023-12-07T01:30:00.000000Z,41.92703150780703,653193.1873811584
2023-12-07T01:35:00.000000Z,44.06403298361569,667839.962126198
2023-12-07T01:40:00.000000Z,45.16127592667536,672774.1204367169
2023-12-07T01:45:00.000000Z,38.530727412604286,643511.4979723411
2023-12-07T01:50:00.000000Z,31.25887736233649,669096.9715902804
2023-12-07T01:55:00.000000Z,41.466449853747896,665183.6832904476
2023-12-07T02:00:00.000000Z,37.71739836108563,638031.4040480793
2023-12-07T02:05:00.000000Z,36.18207832917224,643005.308965658
2023-12-07T02:10:00.000000Z,38.445293941934,644979.3126249507
2023-12-07T02:15:00.000000Z,40.22898959782064,660101.246399853
2023-12-07T02:20:00.000000Z,32.37908913053121,647024.2383963641
2023-12-07T02:25:00.000000Z,40.14521071166028,659103.8722647163
2023-12-07T02:30:00.000000Z,38.50454449325954,678936.718005269
2023-12-07T02:35:00.000000Z,43.27472207522183,648818.3015996404
2023-12-07T02:40:00.000000Z,37.62994861815081,646281.0697896447
2023-12-07T02:45:00.000000Z,38.87420328565914,674644.9660989278
2023-12-07T02:50:00.000000Z,43.48712086419101,638031.9825414998
2023-12-07T02:55:00.000000Z,36.19031558808106,659058.5634740065
2023-12-07T03:00:00.000000Z,38.908827316826375,652568.4597682599
2023-12-07T03:05:00.000000Z,36.372902037272056,667898.2239427972
2023-12-07T03:10:00.000000Z,36.7463582690166,641827.6747350268
2023-12-07T03:15:00.000000Z,40.44939451304689,661340.3332670968
2023-12-07T03:20:00.000000Z,40.24406679019794,651902.9212142169
2023-12-07T03:25:00.000000Z,39.38107917251607,676098.6356106359
2023-12-07T03:30:00.000000Z,41.398344812234185,655388.2539388196
2023-12-07T03:35:00.000000Z,46.415385994937125,641812.1445488716
2023-12-07T03:40:00.000000Z,41.64750208901622,645251.241658013
2023-12-07T03:45:00.000000Z,35.179124095236745,645090.0684727076
2023-12-07T03:50:00.000000Z,41.92959204844596,664335.4511436351
2023-12-07T03:55:00.000000Z,46.837974716495154,669369.2547933259
2023-12-07T04:00:00.000000Z,40.07435024452632,634022.9434255302
2023-12-07T04:05:00.000000Z,38.18977479057615,645402.0170790156
2023-12-07T04:10:00.000000Z,40.37651767781288,609298.871305844
2023-12-07T04:15:00.000000Z,41.791812901595655,659685.2771500946
2023-12-07T04:20:00.000000Z,39.29986450551976,670219.2940898944
2023-12-07T04:25:00.000000Z,33.35008177715392,636392.911458039
2023-12-07T04:30:00.000000Z,35.9871644772998,639502.5909496968
2023-12-07T04:35:00.000000Z,35.947771122138334,641872.516006243
2023-12-07T04:40:00.000000Z,44.72016877845181,655696.8346804366
2023-12-07T04:45:00.000000Z,41.8380159072192,661911.5422354914
2023-12-07T04:50:00.000000Z,37.63400908581957,660143.4254272311
2023-12-07T04:55:00.000000Z,38.88720438978121,663089.1507632314
2023-12-07T05:00:00.000000Z,43.92228898087708,643214.3166072082
2023-12-07T05:05:00.000000Z,46.64617364543216,659616.6073149848
2023-12-07T05:10:00.000000Z,41.23060305772802,666589.1554013898
2023-12-07T05:15:00.000000Z,28.360024373983883,651277.2130557143
2023-12-07T05:20:00.000000Z,50.03197773050058,665443.6316125725
2023-12-07T05:25:00.000000Z,73.14537919691924,676968.4766472786
2023-12-07T05:30:00.000000Z,41.68813884322233,658176.5135061975
2023-12-07T05:35:00.000000Z,47.7142765608086,659021.6501478747
2023-12-07T05:40:00.000000Z,39.98213611964602,634809.0308091841
2023-12-07T05:45:00.000000Z,35.85812998801374,654606.1110292077
2023-12-07T05:50:00.000000Z,35.33691828406025,646799.1828812459
2023-12-07T05:55:00.000000Z,38.029544986810976,676405.00671272
2023-12-07T06:00:00.000000Z,35.322830690116355,680151.3458415151
2023-12-07T06:05:00.000000Z,47.46984475300873,654454.6771525657
2023-12-07T06:10:00.000000Z,38.61258608729595,646926.3024034912
2023-12-07T06:15:00.000000Z,40.20195809392322,818499.3484416999
2023-12-07T06:20:00.000000Z,45.77405264813084,630957.3945945784
2023-12-07T06:25:00.000000Z,38.28221202845211,656331.8767243834
2023-12-07T06:30:00.000000Z,34.6808530350028,637538.1062879129
2023-12-07T06:35:00.000000Z,47.40149950219105,656720.2551932666
2023-12-07T06:40:00.000000Z,41.8214943748422,648035.5929244354
2023-12-07T06:45:00.000000Z,40.8396427731395,657273.22612619
2023-12-07T06:50:00.000000Z,45.09340130886061,641737.3267444231
2023-12-07T06:55:00.000000Z,37.67503762552748,673244.3713535789
2023-12-07T07:00:00.000000Z,43.82069048271804,667894.9574874159
2023-12-07T07:05:00.000000Z,37.05959903253722,630803.0422804271
2023-12-07T07:10:00.000000Z,40.111732049058325,653760.4371029476
2023-12-07T07:15:00.000000Z,32.483940466063885,671069.5979600333
2023-12-07T07:20:00.000000Z,41.82733609876893,674715.62828677
2023-12-07T07:25:00.000000Z,39.48485639819411,673522.9445299533
2023-12-07T07:30:00.000000Z,34.460692177416206,657934.5058990988
2023-12-07T07:35:00.000000Z,37.150460995619774,648712.759594786
2023-12-07T07:40:00.000000Z,35.41047629251325,671297.6041680527
2023-12-07T07:45:00.000000Z,37.81257183296509,648916.991355031
2023-12-07T07:50:00.000000Z,33.52812435143878,622480.2246791703
2023-12-07T07:55:00.000000Z,43.49755555466904,667027.8628815959
2023-12-07T08:00:00.000000Z,40.80873365513326,647168.0162294816
2023-12-07T08:05:00.000000Z,41.225897349993296,645568.3275785221
2023-12-07T08:10:00.000000Z,39.910572561247,647289.1345749167
2023-12-07T08:15:00.000000Z,37.40586074842758,663552.4447413768
2023-12-07T08:20:00.000000Z,38.6092020387664,518754.8532266695
2023-12-07T08:25:00.000000Z,34.38962545395541,523636.8189883995
2023-12-07T08:30:00.000000Z,35.17401266434919,541231.8669700634
2023-12-07T08:35:00.000000Z,45.16739254093657,530463.4125770818
2023-12-07T08:40:00.000000Z,41.082200983029686,518558.29829916666
2023-12-07T08:45:00.000000Z,40.33323267267707,510108.8216774323
2023-12-07T08:50:00.000000Z,42.14586187157106,523386.3138911671
2023-12-07T08:55:00.000000Z,37.06146812775519,509647.4092098888
2023-12-07T09:00:00.000000Z,32.548432356715445,529054.3527869993
2023-12-07T09:05:00.000000Z,39.07328828586502,492725.07951162383
2023-12-07T09:10:00.000000Z,30.11751454808507,511191.86927859474
2023-12-07T09:15:00.000000Z,41.38543624782211,531167.4648847895
2023-12-07T09:20:00.000000Z,32.508564465469064,528729.5591071007
2023-12-07T09:25:00.000000Z,40.59274707462664,505181.5467796592
2023-12-07T09:30:00.000000Z,31.7737992096281,521430.7340750784
2023-12-07T09:35:00.000000Z,38.2353809054465,512639.36967520806
2023-12-07T09:40:00.000000Z,47.34572561863472,510361.9183545949
2023-12-07T09:45:00.000000Z,37.42928515201197,514214.4936033531
2023-12-07T09:50:00.000000Z,37.46332851404343,516308.2261123951
2023-12-07T09:55:00.000000Z,38.10047854136959,486565.82472275343
2023-12-07T10:00:00.000000Z,41.39088114517684,494633.2525926709
2023-12-07T10:05:00.000000Z,37.55682659261988,522675.4915107846
2023-12-07T10:10:00.000000Z,35.11239969867016,487354.8270576257
2023-12-07T10:15:00.000000Z,37.53574167399992,515095.21474238375
2023-12-07T10:20:00.000000Z,36.59507212606682,507980.3294042628
2023-12-07T10:25:00.000000Z,40.99936472992082,490192.0457576018
2023-12-07T10:30:00.000000Z,36.28905932689113,516675.7718072208
2023-12-07T10:35:00.000000Z,29.9142095008569,528106.3122805121
2023-12-07T10:40:00.000000Z,39.23624207622392,535019.8805540852
2023-12-07T10:45:00.000000Z,41.78879675166499,501244.31514885713
2023-12-07T10:50:00.000000Z,31.090901416726624,515499.646883351
2023-12-07T10:55:00.000000Z,43.49557970499586,514792.2986022316
2023-12-07T11:00:00.000000Z,44.09414566744224,552212.2088501309
2023-12-07T11:05:00.000000Z,38.62041507957038,523719.422862182
2023-12-07T11:10:00.000000Z,40.764402960434445,552032.9004579462
2023-12-07T11:15:00.000000Z,44.37261504924322,543328.2833086385
2023-12-07T11:20:00.000000Z,46.50662526021683,549547.0881845187
2023-12-07T11:25:00.000000Z,43.79657359145689,531422.7834928952
2023-12-07T11:30:00.000000Z,40.70688346057036,523546.88351821445
2023-12-07T11:35:00.000000Z,48.33698683832933,516955.2359665179
2023-12-07T11:40:00.000000Z,37.65469435147015,488913.7244106502
2023-12-07T11:45:00.000000Z,35.70610357529016,505151.31125906645
2023-12-07T11:50:00.000000Z,37.27714505354542,483360.6377445093
2023-12-07T11:55:00.000000Z,40.98854812165006,540567.048896228
2023-12-07T12:00:00.000000Z,39.1096159716988,544138.5500203279
2023-12-07T12:05:00.000000Z,33.555591377619564,528061.6894537505
2023-12-07T12:10:00.000000Z,36.538881678543085,526775.4301615714
2023-12-07T12:15:00.000000Z,41.15543095419911,495150.7596820555
2023-12-07T12:20:00.000000Z,41.62194763757946,514060.4840762737
2023-12-07T12:25:00.000000Z,33.29120663639155,510395.2799797975
2023-12-07T12:30:00.000000Z,30.87271255716117,540788.5512246895
2023-12-07T12:35:00.000000Z,46.54559451364772,499486.96114759904
2023-12-07T12:40:00.000000Z,42.66373033027086,507042.89637337264
2023-12-07T12:45:00.000000Z,39.72010660877015,498171.8641055061
2023-12-07T12:50:00.000000Z,38.16069937559693,528050.9535187944
2023-12-07T12:55:00.000000Z,40.642377675143386,521610.34685387294
2023-12-07T13:00:00.000000Z,35.42784807834569,530033.201262422
2023-12-07T13:05:00.000000Z,40.2399472499878,494857.88355202106
2023-12-07T13:10:00.000000Z,35.20181734436755,508228.0549228333
2023-12-07T13:15:00.000000Z,32.17455727630728,485061.5557008473
2023-12-07T13:20:00.000000Z,32.827666517401084,521543.0275279376
2023-12-07T13:25:00.000000Z,40.22131980419171,513062.262625014
2023-12-07T13:30:00.000000Z,39.32158801195335,521616.71524589474
2023-12-07T13:35:00.000000Z,47.3622536315707,499988.9471886742
2023-12-07T13:40:00.000000Z,34.942993082381484,527900.7699145505
2023-12-07T13:45:00.000000Z,42.1196673570208,532865.2569838426
2023-12-07T13:50:00.000000Z,34.90996278733738,501988.296807103
2023-12-07T13:55:00.000000Z,43.929971357662176,495838.0945005922
2023-12-07T14:00:00.000000Z,42.26092166011707,519988.2483912522
2023-12-07T14:05:00.000000Z,43.47985106927753,516658.7523127977
2023-12-07T14:10:00.000000Z,40.43888188464271,529293.2326296729
2023-12-07T14:15:00.000000Z,42.73241300421719,499404.0997077515
2023-12-07T14:20:00.000000Z,38.947401240952594,512237.7699605081
2023-12-07T14:25:00.000000Z,41.62153928602329,486881.2684880477
2023-12-07T14:30:00.000000Z,41.87078043281696,528130.1391939789
2023-12-07T14:35:00.000000Z,35.473695555963026,656068.5663431035
2023-12-07T14:40:00.000000Z,34.044606763382305,513079.6119795571
2023-12-07T14:45:00.000000Z,42.43313380659811,480787.4972050596
2023-12-07T14:50:00.000000Z,39.28560972051741,519812.77728145407
2023-12-07T14:55:00.000000Z,43.37496081866261,487437.4725248501
2023-12-07T15:00:00.000000Z,50.5956560682948,548234.4965645343
2023-12-07T15:05:00.000000Z,37.26568234197272,516454.6835044754
2023-12-07T15:10:00.000000Z,36.303534787850914,505328.9194083604
2023-12-07T15:15:00.000000Z,36.95893890860472,529768.1528765175
2023-12-07T15:20:00.000000Z,35.53676114577415,506593.6442443056
2023-12-07T15:25:00.000000Z,38.77898125680148,535021.0789026307
2023-12-07T15:30:00.000000Z,34.40655969159902,511220.9322471859
2023-12-07T15:35:00.000000Z,43.86176674600093,515233.0100783058
2023-12-07T15:40:00.000000Z,31.91341776182257,500385.2504140979
2023-12-07T15:45:00.000000Z,33.46837004587949,538877.7523839138
2023-12-07T15:50:00.000000Z,45.14628541272458,540767.2545265844
2023-12-07T15:55:00.000000Z,38.36702550713191,495345.8146309018
2023-12-07T16:00:00.000000Z,31.140085071877916,507913.1998162515
2023-12-07T16:05:00.000000Z,37.134595787113184,507623.78255315736
2023-12-07T16:10:00.000000Z,34.01259601705536,526004.515921909
2023-12-07T16:15:00.000000Z,38.270392528627646,487773.18109116383
2023-12-07T16:20:00.000000Z,38.12205006494936,518793.3078696536
2023-12-07T16:25:00.000000Z,41.56231137671546,523996.0567874262
2023-12-07T16:30:00.000000Z,40.4253473542188,518224.7364495072
2023-12-07T16:35:00.000000Z,38.59501138241024,527975.9323690885
2023-12-07T16:40:00.000000Z,27.799393816518133,640598.059502978
2023-12-07T16:45:00.000000Z,27.71452334359841,679913.5085972479
2023-12-07T16:50:00.000000Z,28.41333186296712,641943.1061718076
2023-12-07T16:55:00.000000Z,22.556594615034506,669724.25432317
2023-12-07T17:00:00.000000Z,27.45959911621793,653284.9852640857
2023-12-07T17:05:00.000000Z,22.89056198896591,654895.9581660747
2023-12-07T17:10:00.000000Z,22.82279346467179,700923.5299292636
2023-12-07T17:15:00.000000Z,23.99632209766916,649602.7823669339
2023-12-07T17:20:00.000000Z,32.630974097217226,688648.3472084864
2023-12-07T17:25:00.000000Z,28.4896466027822,645358.1626098934
2023-12-07T17:30:00.000000Z,25.39743016328573,657746.6758162606
2023-12-07T17:35:00.000000Z,32.57225628815763,645995.1477316731
2023-12-07T17:40:00.000000Z,27.341772220171435,626230.6785316099
2023-12-07T17:45:00.000000Z,23.65944247456901,675791.6119157291
2023-12-07T17:50:00.000000Z,24.711216359367764,681939.4341421224
2023-12-07T17:55:00.000000Z,28.665470086606646,673062.9021093613
2023-12-07T18:00:00.000000Z,26.58741197681549,804752.328318285
2023-12-07T18:05:00.000000Z,19.307037913843303,659855.142331794
2023-12-07T18:10:00.000000Z,22.593169626103023,672316.3417124233
2023-12-07T18:15:00.000000Z,25.56344501226893,672878.5915305923
2023-12-07T18:20:00.000000Z,35.047306805201586,668193.2288373362
2023-12-07T18:25:00.000000Z,27.65287523206251,661365.6044198868
2023-12-07T18:30:00.000000Z,19.94678997783447,659500.4482578848
2023-12-07T18:35:00.000000Z,35.59062841061593,664906.6145711229
2023-12-07T18:40:00.000000Z,29.75347823483717,664234.7121258671
2023-12-07T18:45:00.000000Z,23.31408596327358,682104.9743433724
2023-12-07T18:50:00.000000Z,27.51326844495282,698864.9807139998
2023-12-07T18:55:00.000000Z,25.43768486949245,665568.3285174017
2023-12-07T19:00:00.000000Z,26.91764864423919,694795.3697549653
2023-12-07T19:05:00.000000Z,26.20045792623533,655819.758901045
2023-12-07T19:10:00.000000Z,28.257675725154726,656481.6374683857
2023-12-07T19:15:00.000000Z,33.07367941346784,668034.22851102
2023-12-07T19:20:00.000000Z,26.368511467150544,653583.7839452525
2023-12-07T19:25:00.000000Z,32.19247249472251,683638.5576995494
2023-12-07T19:30:00.000000Z,31.16206168713165,673604.566037502
2023-12-07T19:35:00.000000Z,24.838240180659486,667448.126439078
2023-12-07T19:40:00.000000Z,29.42500016363881,657490.5444559808
2023-12-07T19:45:00.000000Z,21.815716068422184,658612.1009235848
2023-12-07T19:50:00.000000Z,23.52831613388266,661800.3921887616
2023-12-07T19:55:00.000000Z,28.236698961488752,693152.4942298855
2023-12-07T20:00:00.000000Z,24.84997552685634,688284.2075605678
2023-12-07T20:05:00.000000Z,26.2018192184552,650671.0767975905
2023-12-07T20:10:00.000000Z,24.43715422125885,647176.239812873
2023-12-07T20:15:00.000000Z,29.72911886765237,660878.5715812469
2023-12-07T20:20:00.000000Z,20.497382686848063,655184.9933673426
2023-12-07T20:25:00.000000Z,31.250940610274583,673693.5103270129
2023-12-07T20:30:00.000000Z,20.86968083538952,646840.2597083091
2023-12-07T20:35:00.000000Z,26.44574992733516,686765.358277008
2023-12-07T20:40:00.000000Z,32.743791506741594,663247.5182877578
2023-12-07T20:45:00.000000Z,26.645178630648203,693684.6243025382
2023-12-07T20:50:00.000000Z,26.242257670943392,659741.6035913129
2023-12-07T20:55:00.000000Z,26.2001538506108,683730.2274043369
2023-12-07T21:00:00.000000Z,30.1843836589877,661502.2528018149
2023-12-07T21:05:00.000000Z,29.25343969445717,666359.8476742277
2023-12-07T21:10:00.000000Z,23.610675839950545,689064.9987115228
2023-12-07T21:15:00.000000Z,19.97114047034112,673339.3853586144
2023-12-07T21:20:00.000000Z,27.53270608965092,659852.5096166794
2023-12-07T21:25:00.000000Z,24.98323215633797,693230.0472229985
2023-12-07T21:30:00.000000Z,26.888553355832183,667408.0416686166
2023-12-07T21:35:00.000000Z,23.11254352193766,674656.4815604858
2023-12-07T21:40:00.000000Z,24.90548554879312,644041.7332746846
2023-12-07T21:45:00.000000Z,14.192334456674857,690026.0775966889
2023-12-07T21:50:00.000000Z,21.670552313110115,656085.7925579209
2023-12-07T21:55:00.000000Z,23.878206563895173,673419.5828239853
2023-12-07T22:00:00.000000Z,30.78062348591377,666122.1203889917
2023-12-07T22:05:00.000000Z,24.83649889675041,696419.9700448273
2023-12-07T22:10:00.000000Z,28.869522356712437,676499.7191625262
2023-12-07T22:15:00.000000Z,31.56585672525398,679523.1081743469
2023-12-07T22:20:00.000000Z,24.990177671597475,666208.8249926147
2023-12-07T22:25:00.000000Z,30.965289357510585,630493.4216488295
2023-12-07T22:30:00.000000Z,28.141165749185088,666036.0949042166
2023-12-07T22:35:00.000000Z,22.275921962018387,675276.4271187556
2023-12-07T22:40:00.000000Z,26.555215301200377,636647.2797658893
2023-12-07T22:45:00.000000Z,35.81583550827752,680222.253630015
2023-12-07T22:50:00.000000Z,50.73623205115897,674698.0452875937
2023-12-07T22:55:00.000000Z,28.546217997300225,681400.774047641
2023-12-07T23:00:00.000000Z,26.377661777369376,654186.4185677842
2023-12-07T23:05:00.000000Z,22.07689159688184,688179.97809636
2023-12-07T23:10:00.000000Z,29.6116598808937,645166.1219951317
2023-12-07T23:15:00.000000Z,27.711044164036775,660294.9708865279
2023-12-07T23:20:00.000000Z,33.0311691711936,675969.3131592228
2023-12-07T23:25:00.000000Z,25.066925374592078,674410.2668972632
2023-12-07T23:30:00.000000Z,27.572815654331578,659477.028389757
2023-12-07T23:35:00.000000Z,21.71605464282096,661151.0793753611
2023-12-07T23:40:00.000000Z,29.12958342136863,707347.6465676411
2023-12-07T23:45:00.000000Z,28.334612396176748,657451.5529106059
2023-12-07T23:50:00.000000Z,22.80903448262396,641510.2962194064
2023-12-07T23:55:00.000000Z,26.87921342844447,635687.1946516642
2023-12-08T00:00:00.000000Z,28.35237136556673,686402.1825473843
2023-12-08T00:05:00.000000Z,23.794037878746003,691711.9346842179
2023-12-08T00:10:00.000000Z,18.91222976780027,682803.8392780577
2023-12-08T00:15:00.000000Z,19.82982458939989,668680.3505827624
2023-12-08T00:20:00.000000Z,30.74357421258964,676894.1377225239
2023-12-08T00:25:00.000000Z,30.47786346455421,685073.5257090774
2023-12-08T00:30:00.000000Z,30.446779399112856,645959.1968952701
2023-12-08T00:35:00.000000Z,30.50376926014895,666539.3899714951
2023-12-08T00:40:00.000000Z,25.50798378753032,657889.3641870616
2023-12-08T00:45:00.000000Z,24.61158189171328,655350.3418215727
2023-12-08T00:50:00.000000Z,33.918296698643296,654472.5867450618
2023-12-08T00:55:00.000000Z,21.02131018927508,656158.4544958049
2023-12-08T01:00:00.000000Z,44.80698226221579,557197.1030758155
2023-12-08T01:05:00.000000Z,50.93098967472577,574412.817166325
2023-12-08T01:10:00.000000Z,38.87396581635883,563858.1783489127
2023-12-08T01:15:00.000000Z,44.57035844965336,574414.6642322855
2023-12-08T01:20:00.000000Z,43.53432074789988,548570.0300907607
2023-12-08T01:25:00.000000Z,39.57392728358537,567374.7606626744
2023-12-08T01:30:00.000000Z,46.85173883590933,572918.2678185728
2023-12-08T01:35:00.000000Z,35.06900598859666,576450.7473227239
2023-12-08T01:40:00.000000Z,44.92006759471298,571279.2798463088
2023-12-08T01:45:00.000000Z,42.79036483961616,575720.1642579568
2023-12-08T01:50:00.000000Z,39.75886079342465,590373.8464375151
2023-12-08T01:55:00.000000Z,46.733359989612175,590330.9277719003
2023-12-08T02:00:00.000000Z,65.88802121237887,578927.0875074716
2023-12-08T02:05:00.000000Z,36.83207015876915,565006.302664921
2023-12-08T02:10:00.000000Z,48.73759837663175,570166.6148222327
2023-12-08T02:15:00.000000Z,35.31393562317134,588931.6147121056
2023-12-08T02:20:00.000000Z,44.782783174443786,573761.3802746354
2023-12-08T02:25:00.000000Z,36.80176435788725,574131.6146212975
2023-12-08T02:30:00.000000Z,46.837692016968354,555123.8751016131
2023-12-08T02:35:00.000000Z,43.65439603416889,574764.6708140488
2023-12-08T02:40:00.000000Z,37.253000233033205,551346.9515622325
2023-12-08T02:45:00.000000Z,46.78966892569939,554460.6006437608
2023-12-08T02:50:00.000000Z,44.50734762503813,562869.9883530503
2023-12-08T02:55:00.000000Z,46.9935270640519,561631.6510776398
2023-12-08T03:00:00.000000Z,37.4668611252435,547177.919500733
2023-12-08T03:05:00.000000Z,39.90424618684053,566669.7804203101
2023-12-08T03:10:00.000000Z,43.77168551439941,549303.9765508692
2023-12-08T03:15:00.000000Z,43.41107979407557,559676.6390842189
2023-12-08T03:20:00.000000Z,42.28957859422982,551175.9441116207
2023-12-08T03:25:00.000000Z,40.63426008163008,564542.0029610003
2023-12-08T03:30:00.000000Z,38.58060664891487,556488.7392393795
2023-12-08T03:35:00.000000Z,43.651319470457246,561854.5175133722
2023-12-08T03:40:00.000000Z,39.49980913449685,548123.1509124518
2023-12-08T03:45:00.000000Z,41.70387707150807,547247.4235942614
2023-12-08T03:50:00.000000Z,46.61518267971468,581161.0178725482
2023-12-08T03:55:00.000000Z,41.86147045289479,558092.2644984181
2023-12-08T04:00:00.000000Z,41.35774988544387,572375.704463079
2023-12-08T04:05:00.000000Z,43.904458907563125,571099.7197668767
2023-12-08T04:10:00.000000Z,42.1356787956176,571580.94095033
2023-12-08T04:15:00.000000Z,42.56279696047727,572269.4026877319
2023-12-08T04:20:00.000000Z,41.90013598340569,561233.7108067003
2023-12-08T04:25:00.000000Z,39.84679996018182,570078.1955045247
2023-12-08T04:30:00.000000Z,44.2481304419771,560596.6409016291
2023-12-08T04:35:00.000000Z,46.76313716901259,582106.995727477
2023-12-08T04:40:00.000000Z,40.041317856731474,573413.4545909163
2023-12-08T04:45:00.000000Z,43.86813654874404,545784.405388421
2023-12-08T04:50:00.000000Z,38.94627490026123,553920.9316291371
2023-12-08T04:55:00.000000Z,44.546319093514185,548990.5374445148
2023-12-08T05:00:00.000000Z,43.20952898449351,564109.8915226974
2023-12-08T05:05:00.000000Z,45.619473527176176,562286.505973126
2023-12-08T05:10:00.000000Z,40.95898355616253,531992.6909939873
2023-12-08T05:15:00.000000Z,37.106023743,588035.4529539009
2023-12-08T05:20:00.000000Z,39.227306548695616,559297.4224867446
2023-12-08T05:25:00.000000Z,37.17877245996925,545966.868925215
2023-12-08T05:30:00.000000Z,39.93880564042388,578389.7486768787
2023-12-08T05:35:00.000000Z,36.66865472815925,561356.508702579
2023-12-08T05:40:00.000000Z,43.70492684612297,567039.2911942739
2023-12-08T05:45:00.000000Z,37.45621327500224,547224.5177979725
2023-12-08T05:50:00.000000Z,45.058293875282295,574837.9345983337
2023-12-08T05:55:00.000000Z,47.807077444491526,537082.7340194249
2023-12-08T06:00:00.000000Z,35.80476397805265,551590.6952815953
2023-12-08T06:05:00.000000Z,46.26679529694609,705629.3131658182
2023-12-08T06:10:00.000000Z,43.14235414137239,585880.8363792322
2023-12-08T06:15:00.000000Z,36.15140883225743,559590.2346881893
2023-12-08T06:20:00.000000Z,41.89002480336153,545694.9417422229
2023-12-08T06:25:00.000000Z,38.99991248544816,563564.3585443103
2023-12-08T06:30:00.000000Z,46.33786009639901,540039.4345091868
2023-12-08T06:35:00.000000Z,37.60325238631293,581439.7593479097
2023-12-08T06:40:00.000000Z,50.84677488277885,563935.3641001568
2023-12-08T06:45:00.000000Z,40.409648240454885,555323.7168303713
2023-12-08T06:50:00.000000Z,36.19889464251205,563223.5688974904
2023-12-08T06:55:00.000000Z,44.75406670702724,570018.6285379495
2023-12-08T07:00:00.000000Z,44.952711104020814,566427.2065236866
2023-12-08T07:05:00.000000Z,43.48114152049555,577998.2771483853
2023-12-08T07:10:00.000000Z,38.13943419288341,568972.0934139873
2023-12-08T07:15:00.000000Z,45.288956060136144,575438.6214651932
2023-12-08T07:20:00.000000Z,35.89832443847676,541126.054485624
2023-12-08T07:25:00.000000Z,44.64994304739013,580452.2397787039
2023-12-08T07:30:00.000000Z,46.49690035630663,560392.6221843726
2023-12-08T07:35:00.000000Z,35.96673772567641,551660.0975111371
2023-12-08T07:40:00.000000Z,41.58956775550404,530975.5543360998
2023-12-08T07:45:00.000000Z,35.53895718034348,539689.9427659131
2023-12-08T07:50:00.000000Z,45.16781464175851,576283.002598985
2023-12-08T07:55:00.000000Z,30.987015679781077,542565.023659903
2023-12-08T08:00:00.000000Z,45.47461150074717,584253.4970314396
2023-12-08T08:05:00.000000Z,41.95913524445491,577811.3727599572
2023-12-08T08:10:00.000000Z,51.369221911887365,550232.318369393
2023-12-08T08:15:00.000000Z,39.58332724336883,568589.0166815466
2023-12-08T08:20:00.000000Z,49.06393103702654,552959.3588276561
2023-12-08T08:25:00.000000Z,38.53511487413475,579963.2643633197
2023-12-08T08:30:00.000000Z,49.05766032803643,581457.4597840294
2023-12-08T08:35:00.000000Z,41.60932453488666,571706.8427646146
2023-12-08T08:40:00.000000Z,35.321261626994946,567974.9412689132
2023-12-08T08:45:00.000000Z,42.95267011266829,574931.650072369
2023-12-08T08:50:00.000000Z,41.53343077464316,554756.9181885538
2023-12-08T08:55:00.000000Z,42.92879217980487,553074.0360164412
2023-12-08T09:00:00.000000Z,45.187750964837896,589031.900644182
2023-12-08T09:05:00.000000Z,41.65778547233707,569168.4855388849
2023-12-08T09:10:00.000000Z,41.33573783536126,577366.2205694643
2023-12-08T09:15:00.000000Z,38.24102041903128,563190.086089367